,submission_id
0,1btb7x0
1,18ihgd1
2,193rfh7
3,173jebr
4,1aukomr
5,1911ilf
6,127oe7d
7,1892h9d
8,xzdbxd
9,109kbeo
10,1af35gn
11,16w07o4
12,u3kh5b
13,y7dm4i
14,191o92l
15,17mnn64
16,ty38bs
17,12uimgx
18,1banpqd
19,18tw8xs
20,1886p93
21,zt4777
22,1bj07if
23,16lctco
24,1akgsl6
25,wx0xfv
26,xsmzb5
27,18v51u8
28,18bn302
29,wn426k
30,191cv8v
31,x3zvey
32,1b29f6g
33,lnmvxa
34,xfp471
35,wjx37t
36,17zms4q
37,x4c72z
38,17gyasj
39,1bgb3hl
40,173szbm
41,16ia3ud
42,1505bwy
43,17jg8oi
44,1aj795v
45,1atwgu9
46,1701von
47,18m5zof
48,s13ek6
49,x30m5l
50,12hj0q8
51,xi9w4x
52,13cbyw2
53,1bmezz7
54,1apanjg
55,12a5s53
56,f6a6bv
57,z182h0
58,1b5ehai
59,18zcvcb
60,1bdvdwo
61,14s16ge
62,wo78sd
63,w9lol3
64,1ahzm61
65,1bsio5b
66,wf9r2m
67,1c5dnwy
68,wcms5j
69,vjr3j2
70,1bappi8
71,xxj0yo
72,x9h136
73,18zpng7
74,s3c78l
75,1ap0cm3
76,x4qq4x
77,lkjpxl
78,1alfxql
79,11dps55
80,18m5n5z
81,17hy5qq
82,11u76dy
83,15d26ex
84,x1wjak
85,187tqw2
86,18fjqlq
87,15vzsd4
88,1ae9fil
89,y8kdlg
90,148efao
91,xx5e5c
92,1c3tm0c
93,w57uec
94,kg5wuw
95,1bmf5ta
96,onz5o9
97,14harxw
98,wiqpdq
99,14pb6nl
100,1746054
101,yklm9s
102,t0e5n4
103,xrvr0o
104,1apfrfl
105,1c55ar9
106,w0nqji
107,1c6mzd3
108,180yxbn
109,15wik9r
110,a9ijot
111,18rthq1
112,1av24ih
113,1bgupbt
114,14fgb24
115,145eizo
116,15ongzx
117,1599p6t
118,19f11cj
119,151gl27
120,zjjomq
121,16cq55m
122,14fmfd7
123,173strx
124,18n831m
125,y9zka8
126,1b46dyz
127,1bijbw0
128,193t5ty
129,13cntdx
130,zr5lk6
131,186n8qb
132,v0rm63
133,yelfgu
134,17ts2zw
135,juj13k
136,11u36fa
137,zm2a0p
138,1bynq4i
139,16zum6v
140,1bag2jk
141,15eodke
142,1auev7f
143,13sqgxm
144,15q6zqi
145,yebfrb
146,172dnmb
147,zmh7n3
148,i24xbr
149,1asn9pr
150,16vpyaa
151,2l587b
152,1bd2k12
153,16m12ww
154,1bsiozh
155,1c3mntf
156,15cf0s6
157,10je6nr
158,n0ci8y
159,g7fi93
160,eet8on
161,xytod4
162,slbr8p
163,199v8o2
164,vxz5a0
165,ppdhve
166,ya7ti7
167,vqoylj
168,nxg356
169,2bk4u4
170,zy9ai2
171,166abjs
172,pruku2
173,t55pqf
174,cwgma1
175,1321r2g
176,whymsl
177,15kfmqq
178,1c1u7pe
179,plmreg
180,pxviue
181,v7kd0q
182,tyfto2
183,14rous8
184,qtd93w
185,gjnau8
186,10afkkr
187,10kjfra
188,y6e6pl
189,1bnwa0w
190,tezhn7
191,zd6ow5
192,18q57rg
193,rzy7je
194,189izx3
195,y5u2go
196,1aip5jx
197,14kautg
198,195xpkj
199,18uddoq
200,1bu71ct
201,17es8ac
202,us8mfd
203,183zhko
204,1bomqpf
205,1bsmi6q
206,17ywi9z
207,1bl3nde
208,l6krp5
209,1ay9p0n
210,1bwew0n
211,1811bn0
212,1b7jccg
213,1bezqme
214,16ukyp2
215,1bzp6m3
216,1bl208d
217,171ghz8
218,14f9ees
219,16gwwt7
220,16c9cgi
221,19dmj4l
222,1acbfit
223,1axcys8
224,18n1z49
225,13gmxzk
226,15s1du3
227,1aqbezb
228,1253ovc
229,18ti16j
230,1bzenev
231,1878d1v
232,1bpz1z4
233,141oazb
234,16xreff
235,1bc9duv
236,192dsaf
237,14y5nr9
238,1bo6xa2
239,16wcr4r
240,12ekvz9
241,164nlh4
242,19far0f
243,1813f57
244,1b1fbht
245,1bez9z3
246,15bwjp9
247,14a25b5
248,1aoxugh
249,1anu104
250,1azuj6t
251,13mvrqz
252,1688ifs
253,1bwuzvo
254,1703inj
255,181eeuh
256,1ax20gc
257,1bzwiun
258,188ixek
259,1897u4f
260,13x5zv7
261,190tdhg
262,16yucpa
263,18zhn6o
264,1b1cn1n
265,189elh0
266,178ozax
267,17xbxe5
268,pujtx5
269,193w4o9
270,16yts6d
271,148u1jn
272,195ual5
273,17l1upz
274,16nht0k
275,w7earr
276,x2ki9y
277,1b8b7gn
278,15jgioh
279,14jb3u7
280,17xi6rg
281,1axuxsn
282,zbjq39
283,1alq7n1
284,1bq5d00
285,18mvmrs
286,13matkv
287,x2r016
288,y6som7
289,189439k
290,13c1qk6
291,18amsn0
292,vwywlk
293,15xscv1
294,1bfhquq
295,1acr3wl
296,nch0n3
297,178o8wu
298,1bcunjh
299,zof7wz
300,ozezim
301,rerjtl
302,17wohf7
303,14gw084
304,1c770cl
305,154vm67
306,170e2b9
307,nj9iiw
308,wmjp4i
309,19fns7i
310,101d0j8
311,1asrzx9
312,1blxnbw
313,o189z4
314,myzlym
315,15z1kd1
316,1b9gbf1
317,1brz1j1
318,uejweb
319,1awsopk
320,s7nxm6
321,rpjcmn
322,h0qizt
323,1afomrn
324,19ctwhp
325,1392sxh
326,x2ulmy
327,14h8m26
328,18n97ei
329,1bz7hjh
330,smlfgs
331,1bwnaox
332,14r8jkc
333,1831i48
334,10kvw1u
335,xbwlmt
336,zylkip
337,yp6zax
338,15zhmz2
339,1ailj93
340,1b35u2v
341,19166ho
342,17ljyhk
343,1129y2l
344,185v78b
345,xd1jss
346,z17wkn
347,1664nv9
348,17erava
349,eaoyzp
350,197tpg5
351,10cbowm
352,wlrywp
353,h96z7h
354,xbn4w4
355,rtici8
356,gj4n2r
357,mrad5z
358,f8smpd
359,1bmtc66
360,1blu209
361,140npsc
362,qtzxim
363,yxl9tu
364,ntgv6u
365,h0c0z1
366,1b557pz
367,105v7kx
368,12ad457
369,fwacgy
370,wp0zu9
371,cn9hqs
372,191n1nh
373,x9hflw
374,12ro1u3
375,ollo6x
376,rp73iy
377,1b9woyh
378,t515qb
379,d43t0k
380,1bda6o9
381,1al9irv
382,hpm6px
383,11n5ii7
384,1bx6rbc
385,d7a2zq
386,1c1jh7n
387,ylezvg
388,kmhlk1
389,v6pxgy
390,yez1lz
391,xqgj29
392,gdcgrn
393,1bb0dls
394,196cb1w
395,p8pwq0
396,w5i31v
397,x7ykmv
398,1b6sayk
399,1735pdd
400,1bkdxvs
401,1b0u8kp
402,1aslj61
403,zm7ojz
404,r5g3t5
405,1atb2cd
406,hswxuh
407,duwf1c
408,dvv68h
409,181u9ok
410,155nbn9
411,kb5wwm
412,qbevtn
413,f2qdvy
414,185we6i
415,13s95j3
416,eald5b
417,11b1a6g
418,xg3clh
419,10i4esr
420,1bt5mx8
421,wilov4
422,10ktugn
423,1ach1a9
424,16en2iw
425,dwsw2h
426,hkjl7v
427,z3ygx4
428,1ay60tz
429,174xc5d
430,18q8hw1
431,18azjir
432,1aoh1jq
433,zvt4fp
434,g32elk
435,vdo2mj
436,iz0zc7
437,17ha3pl
438,klhq8j
439,1bk3iku
440,g8k1z9
441,1bmx57o
442,14sd3rx
443,1bfuo79
444,1ao1468
445,17mhrr6
446,184quak
447,18cz1ue
448,17jkqnk
449,1bnqh94
450,19c8sfm
451,xgc5ov
452,18zzg7o
453,19bnqoq
454,197y75g
455,18izvnw
456,xnbayt
457,124ojq7
458,1amm23f
459,1c3z74e
460,gnko0d
461,r1a29d
462,jznplc
463,jnf7a8
464,1aixqpi
465,l6a7hk
466,18sayec
467,hv87m8
468,17i6pod
469,169yjzo
470,1b08fzr
471,qobvdm
472,15tbl6b
473,j96evc
474,fsmrgk
475,n4lfce
476,hm9gbs
477,i8i9rm
478,p9w14u
479,zsw1ub
480,dymoag
481,184h9ru
482,1850bmo
483,uxc159
484,c07v2o
485,1bcwazd
486,zlpyuv
487,1bj2tki
488,u2eg1f
489,194y59o
490,18gvjzm
491,8sv6ir
492,1at7dkh
493,ior637
494,18sd8b6
495,1beju8m
496,1au1pl7
497,17h4t1t
498,157ejh2
499,1az4juf
500,j1t6f2
501,3s41as
502,ygu7qn
503,9rfjqr
504,ab0j9h
505,11wjmop
506,10iwamd
507,gkdt71
508,6ky4ym
509,rm3ufw
510,moid7w
511,3w9diq
512,14xvapx
513,11nvi8w
514,f8qarl
515,i30ejc
516,glv3dc
517,i18ttv
518,124obb2
519,lm6bfc
520,ko3mhk
521,oo896d
522,aq4oq0
523,9shfs6
524,jftsqv
525,ndpz3k
526,16r6vqt
527,32gw2r
528,9snyti
529,tsi16
530,93fijt
531,317ry6
532,5dfoju
533,11w9htk
534,f0ohua
535,oi9bdl
536,38ppkg
537,7io4d3
538,3ap1ic
539,bghiv4
540,60ojqv
541,1ya7sj
542,djh52i
543,3jly9p
544,74n44s
545,anr1tn
546,bzkjcn
547,ousx4
548,9sru8m
549,33qbjc
550,7fc53y
551,ew4qr9
552,6x667r
553,9o8umk
554,3lyo6p
555,vkoqc
556,75d8iv
557,3s5ynb
558,50hf5u
559,2pl0i7
560,2zwq0l
561,19q53j
562,793rfx
563,1h90fk
564,gwfn1r
565,390qhg
566,8y2uo3
567,36i0hj
568,1h90pu
569,19vj0p
570,ybgqz
571,1ll5nr
572,moc641
573,13vlqw7
574,hujjn9
575,zlgs95
576,1aqqw0s
577,177w4nu
578,s4p3pm
579,r0l5cv
580,1btwz2a
581,yjkrpi
582,11ry371
583,zdvr1h
584,11kzel7
585,ghsrs3
586,111hb6f
587,xk7g95
588,vs7ojl
589,10hr7yk
590,129wxp0
591,1at0mao
592,w8kxy7
593,jp38rp
594,gy7ekk
595,ibbemf
596,11u44cq
597,eb58z7
598,149xyfe
599,16fgg3j
600,5w1tqq
601,q20u36
602,sdrff0
603,wynirb
604,191fk2b
605,2hqzia
606,n2x9db
607,wxd127
608,136ugos
609,i8cd9j
610,t3pjld
611,13osx7e
612,188gk7a
613,18833q3
614,1aw5atx
615,u2wvb2
616,154u5k9
617,10ml91u
618,14pio0t
619,rmwgtx
620,131cbu5
621,17m1a5b
622,11ty2sm
623,a7l24w
624,118j9ob
625,1ab8cbw
626,17ququ2
627,wo4l1w
628,l3dgdo
629,10pwhw4
630,k6oo57
631,n94tiw
632,180bhmi
633,1ak3jta
634,1bi2dn1
635,1atawpz
636,14g1xvd
637,zpny41
638,1b3y1tr
639,10yuqwr
640,13z6szq
641,1aj48l9
642,1155val
643,1aedbzh
644,nfr17o
645,14sj8qz
646,nhf0pn
647,z6w58q
648,16etz2t
649,16lrfyh
650,zp33mj
651,1aqd3fx
652,vf49b2
653,vgr2ao
654,vialwf
655,vl6pu2
656,vrauh8
657,1c6enbk
658,132zs62
659,vjy6fq
660,vodydt
661,ytmwdq
662,11fmhwb
663,argb1c
664,191puqb
665,196b4gp
666,124uuda
667,jq7jm8
668,k094l2
669,19d6wx8
670,18z7mau
671,r8eyuo
672,17tqzcq
673,137fyh3
674,16t5jbk
675,q9vb88
676,1c7q1xi
677,yzjwh2
678,1177tx5
679,12mp9yz
680,18cjp2b
681,17xfadb
682,17nik87
683,lsujlb
684,18ttnns
685,zp4nob
686,193dc0l
687,12ywjnl
688,1atedsl
689,131ho89
690,17kj8as
691,1aygbpu
692,wvtng3
693,1bp9ns5
694,1butvyo
695,12yxt5d
696,12gvfsl
697,1b4gd9v
698,1bx0smp
699,196o5qr
700,1c6vwa6
701,1bydre2
702,141nb7p
703,x62k1t
704,12i6f62
705,1btpnxn
706,17rxhpm
707,101h59m
708,15d8wv6
709,xe1bas
710,1bnegzb
711,156sauu
712,x62sj6
713,14glp3g
714,12bx9b9
715,127kpcw
716,17ocoy1
717,18t9s3d
718,zmt3i5
719,woeliv
720,12qelrl
721,14ow88l
722,us7qp4
723,11qjvj0
724,16gn41m
725,13s5fso
726,1b9fj9n
727,1c4z38a
728,zf0q7a
729,ysg4d1
730,1avh81t
731,15yi0hc
732,10ra8g1
733,xwhwdi
734,z6s2rh
735,10prtp7
736,1884kxx
737,zsyrzs
738,x8zp1z
739,17ru26v
740,18iljbz
741,18gkn0g
742,18feo9l
743,1b52zhk
744,18dpi0m
745,zuvzze
746,10uuo5b
747,1at2lkh
748,wm5pwj
749,1c842f0
750,125vn3k
751,151p0s0
752,133zocl
753,14rrpwp
754,xvo2af
755,145jmh3
756,10ikrnd
757,s0soh1
758,15l3e04
759,120fy5q
760,139dky9
761,1ba0smc
762,1b0sl5n
763,kmq7bn
764,19114p8
765,znrmr0
766,zmxhn0
767,1akusqg
768,y6gvwe
769,197am77
770,12xv897
771,1c4op2a
772,11mckwp
773,z48d8h
774,zwut4q
775,16oyuaw
776,zncxnc
777,1b469m4
778,18gxmot
779,19fd21t
780,zwbtdj
781,155uu35
782,181zaj4
783,13g33z3
784,x009lz
785,13dd9ef
786,1ank95o
787,y43355
788,wo25j4
789,17g6dcb
790,17j8u45
791,13szpp7
792,13chzzk
793,1axryfn
794,zmorbl
795,zwm1p1
796,11ohwtp
797,15xeqdz
798,102aae0
799,14tbhy6
800,17degiw
801,10m9fwz
802,1ay4jwn
803,15xvxce
804,1bwo9gb
805,1b2y6jw
806,1bfhkyt
807,11172rn
808,17bulq2
809,1auhsf3
810,1b7r8n9
811,1atrg2t
812,17w61mk
813,12w8g4f
814,15f7qa2
815,1an1puy
816,18yine4
817,1c803tn
818,1bzcgm1
819,18ygs6j
820,1avgnql
821,15xc0oh
822,18yhpqo
823,1ayq52u
824,12jtrqy
825,1c6f5lt
826,15r3txc
827,1avhbhl
828,14gchvb
829,wbwft9
830,1awf6j4
831,wu503q
832,112h6kg
833,12sh02k
834,16zorhq
835,y0nvo8
836,18137xg
837,145cppf
838,1288s5r
839,195bitj
840,zjf8mw
841,16d4nj7
842,14lq24t
843,10q9idk
844,17a57f1
845,1ap3mpd
846,16wmkt0
847,135i0ht
848,1038p07
849,12uvj0v
850,zinwfu
851,18ppygz
852,165ex05
853,1c5cdhs
854,x349wi
855,myx9fv
856,17ztfrh
857,1bpsaet
858,xfpru7
859,1atuy3b
860,12k3h0w
861,17h2dqe
862,1afxnek
863,1bdjlme
864,1bqicny
865,16rxrlr
866,13u8zdg
867,y9yk1y
868,ypyfl3
869,12afdho
870,194u4ff
871,17fxiu7
872,148gung
873,15midug
874,17rtysf
875,16vq96e
876,rkiroh
877,10d2bc6
878,10dibdp
879,15n3b8r
880,10h2py3
881,18h84p0
882,12xluc5
883,wu2tcc
884,14as313
885,y760qq
886,1axfasi
887,jzd4wb
888,18zwnvi
889,12ugiro
890,16jlxgl
891,1al2ukd
892,10p41lt
893,wqnasw
894,zei9rw
895,1bkg6pa
896,13putvl
897,v05nmg
898,yot997
899,198gxba
900,11norr9
901,19dnxt2
902,186m7q3
903,yefkuv
904,aakjj1
905,12rxd0r
906,18hg0i2
907,1au503f
908,1826w4j
909,16grcwa
910,184x6m1
911,10qkguz
912,14ka85s
913,v8hwy0
914,v7y60w
915,187inkk
916,10se3zg
917,155inff
918,pamdar
919,1aj95ji
920,12yqthz
921,16u7wmo
922,14t10fe
923,13f9iso
924,1bq7qsd
925,v8xmhg
926,v71vx3
927,145p5ys
928,x713eq
929,1ahiihc
930,twc84i
931,lltlc5
932,15menbo
933,13bbwfa
934,1c0jry3
935,v8baqc
936,yj679u
937,1ap0ofa
938,v6ht1z
939,12228ko
940,1ae2jpu
941,18a4e89
942,vlq0dx
943,198palf
944,13262ih
945,15uf9hx
946,1c7wc1v
947,vgln6c
948,kj0fer
949,16770dx
950,zm5j7q
951,v7whps
952,ebieom
953,v6hblh
954,wvrxn4
955,14ydhhj
956,14c0dt4
957,rmvffo
958,yj3s8a
959,13cx5ch
960,zm6an2
961,1aoj701
962,1aw20lj
963,14peze0
964,1arbhvj
965,11xa3l8
966,1ac8ds2
967,1at1l3x
968,y836de
969,1112tqo
970,198ie8d
971,16ymtj2
972,z452a7
973,ng8ldr
974,17yirvf
975,196ekm3
976,zmxmhj
977,ybp690
978,x2jejx
979,1c36woq
980,10kzpb8
981,ye07ng
982,y9udmf
983,1bgy0g0
984,1bnzo3b
985,12ci4ur
986,10ncvb3
987,wmr4t4
988,10ehigz
989,18euw1r
990,nnan46
991,y6od32
992,1bxrvvn
993,1131q2r
994,4ns9mk
995,11k34gk
996,10e5avj
997,1c31tsj
998,zkviub
999,184wycu
1000,w0g8gz
1001,1anxn6i
1002,15ftrju
1003,11t2q3y
1004,15vfv3h
1005,wqqvfb
1006,znlq1d
1007,10migfu
1008,1bi24rf
1009,gqxp92
1010,wsesqt
1011,7eaczu
1012,z3epfb
1013,10w3uz5
1014,beuxwf
1015,10udilc
1016,7iut2z
1017,6mur77
1018,1t5e6x
1019,1bnlea7
1020,gf8uqb
1021,7a2kyp
1022,7wwclj
1023,6fq5ed
1024,x7nau6
1025,ecqx8q
1026,caui2s
1027,z4jevd
1028,19boqym
1029,18p3iad
1030,kmm8vo
1031,2dy5h8
1032,iyzadb
1033,7brzw4
1034,19fdx64
1035,v0ab3e
1036,162rm95
1037,1wnbk1
1038,12petfu
1039,5odfhm
1040,193ag2t
1041,zqon3j
1042,1974x98
1043,x2lh62
1044,zeonav
1045,111ihgn
1046,17k8lqu
1047,17fjuk2
1048,hjqfw
1049,x4swd7
1050,15nbneb
1051,ya6igx
1052,1btpfv2
1053,13gq1qx
1054,17yd3sv
1055,19bp712
1056,xa5a75
1057,1afl2an
1058,18kx1ki
1059,12u1ar5
1060,17fbbzw
1061,1c0mtg7
1062,18vdz0v
1063,zp5jpl
1064,139jtd5
1065,17l0lu4
1066,1bng3ot
1067,xcpk21
1068,1b4gfee
1069,11ewt01
1070,1bfhmr9
1071,y9ze8n
1072,15x3i4x
1073,1ab81d8
1074,1agxfyn
1075,1vhnxv
1076,15vveeh
1077,1aieu6j
1078,161tyuj
1079,xfuyp3
1080,xhavb6
1081,16f6dhj
1082,1c872cq
1083,zn1w0g
1084,805sp
1085,1b0o5hv
1086,znlfgs
1087,1bvrapm
1088,snql8y
1089,195m5vu
1090,10e3zsn
1091,z6eoka
1092,14pe8sj
1093,8o049d
1094,1c8fvml
1095,16ccgag
1096,18m05we
1097,197bnf
1098,1bwdv4w
1099,1bu98qx
1100,17ybb03
1101,y6eiyq
1102,15abeaa
1103,1bwmh93
1104,10d0gl6
1105,104ta0o
1106,1bb87bf
1107,1bfhnng
1108,1bnjovd
1109,15ga9f5
1110,16gtl3i
1111,1bx7uco
1112,17cjsji
1113,1765u6o
1114,1au5f3h
1115,15bqsm7
1116,18che48
1117,1b7uzuq
1118,18g04wa
1119,1bzcje0
1120,120vgim
1121,1c6pvfy
1122,1906z4r
1123,1c4mq7q
1124,zchnm6
1125,14goujh
1126,17n54fx
1127,14qgi2h
1128,16d4lvf
1129,1c0mfhv
1130,15xemgp
1131,1bwgjqo
1132,16sl6hp
1133,16avovb
1134,17ilstm
1135,13gwsvo
1136,1bvu5lv
1137,12dv16c
1138,12rutcq
1139,133rmw5
1140,zgmy2b
1141,191migs
1142,1ansa32
1143,1acoozy
1144,1acassu
1145,1c2lujg
1146,1c8nrhc
1147,1alct4x
1148,14xd0uu
1149,18vk8k9
1150,11zab5p
1151,13mjcp7
1152,170o6ar
1153,18mkdhi
1154,1bayz96
1155,193894k
1156,16hl351
1157,140kd2o
1158,18dpzai
1159,13hex5r
1160,10ld0nw
1161,17udkla
1162,1c597nv
1163,125kv4d
1164,1c6difr
1165,1au4sss
1166,1676pob
1167,1977x03
1168,17lm8p1
1169,126uxen
1170,16jlx1t
1171,1550rbk
1172,140lgcm
1173,15upa1g
1174,1aj300x
1175,10ro5ur
1176,1arjn24
1177,1bvfzwr
1178,15g0rjo
1179,18qhboj
1180,15ebxpw
1181,18yldkj
1182,13zi46m
1183,18niley
1184,11byxbv
1185,14gchlx
1186,116viqy
1187,18bvsqm
1188,17srpw3
1189,195krt9
1190,1aqo48a
1191,139wttr
1192,101vl22
1193,1atsi0w
1194,17fpft5
1195,18merng
1196,1307xtg
1197,160lgl8
1198,zivy00
1199,54mpby
1200,uz3heq
1201,9ixy4i
1202,8caueq
1203,hw6u23
1204,w2p0fi
1205,9dufji
1206,18i54dv
1207,zeic51
1208,gazkh7
1209,p778ad
1210,ng8l4e
1211,wz8kbw
1212,n3shrs
1213,bj0vru
1214,xx8wje
1215,gzsqu2
1216,jkb1v4
1217,17jzf63
1218,13ol78c
1219,frkoag
1220,r0ht8v
1221,fktdvk
1222,706sz6
1223,zgpnlb
1224,6j5xtl
1225,10mhbqv
1226,cnip4m
1227,194n8gy
1228,3imx1m
1229,1aro6jm
1230,15nmgdb
1231,xbhdfd
1232,1vt0t7
1233,3j295y
1234,7gediw
1235,17ejp7r
1236,10ed388
1237,1awdays
1238,ju2em0
1239,62nu6r
1240,16z0zlz
1241,vona4w
1242,ngn6at
1243,1arxxxg
1244,1c7ymal
1245,7grr6l
1246,17o9kt9
1247,ycg6c6
1248,g3kpzi
1249,nwob3j
1250,13odx63
1251,fm1sae
1252,1alek80
1253,1198k5j
1254,zwht9g
1255,4m2o39
1256,16hleuv
1257,a604mb
1258,16spnpj
1259,16o0tfl
1260,120el87
1261,h04xhn
1262,104admo
1263,164y5s7
1264,138fcfi
1265,fn9kfx
1266,3w3x14
1267,17a0wtx
1268,14p0ilx
1269,qyy2ps
1270,8jpg9e
1271,jwn3uu
1272,1ajvnwr
1273,141145n
1274,4xjljd
1275,10vg97m
1276,x4lo1h
1277,z65k99
1278,xm59u0
1279,1buungm
1280,hhkfos
1281,1c0mqkz
1282,xk9qkj
1283,1af9s3f
1284,17fnkt6
1285,ynnhk7
1286,1c33jv7
1287,10erfbq
1288,olxpc9
1289,1aieupk
1290,k76yva
1291,1bg512e
1292,1bo0h3d
1293,ydzs6a
1294,x3822g
1295,1bmmfuh
1296,oy7uu8
1297,nwycn0
1298,12jn4bx
1299,n6hj9z
1300,174veqv
1301,132y701
1302,y2gwzp
1303,wmq968
1304,xqo9vu
1305,qas9ir
1306,x6oq2d
1307,o7edyz
1308,fzlmv6
1309,p8g8he
1310,y298oe
1311,11rchue
1312,mmv3ot
1313,sy4jor
1314,1bwo8ng
1315,13tx5cz
1316,zqdxad
1317,16gv5c0
1318,16v2uuy
1319,x2oee5
1320,18uxymy
1321,zinx7y
1322,11qnfra
1323,zmvo25
1324,zmpqxl
1325,z1zmpm
1326,17taeeo
1327,14brbwu
1328,17rkukd
1329,18acb2n
1330,zuvxck
1331,11j4qau
1332,x33z50
1333,10l5ppg
1334,z7taav
1335,11deds3
1336,16sgvs8
1337,zyy9hk
1338,16ggr5w
1339,1834g8m
1340,zhttvh
1341,13j2h0v
1342,x2mciq
1343,zvr1lk
1344,13ed2pz
1345,xg4vsa
1346,y3tmp2
1347,x2tl7l
1348,vv77gf
1349,143ot1w
1350,143bn73
1351,w401gv
1352,143ufsa
1353,15r8sz3
1354,17xo57b
1355,15mavie
1356,10ngk0j
1357,14wsbhp
1358,10gb111
1359,zr6tot
1360,14xqqy2
1361,xch104
1362,19ewqoo
1363,xo2g36
1364,1ajnduw
1365,wbx8me
1366,104rlj2
1367,wcwedm
1368,12bwgj0
1369,122wie1
1370,184oo95
1371,17sto11
1372,15mi3pq
1373,10zaw9z
1374,18c13p4
1375,18zdrg5
1376,100r64o
1377,1azbb4f
1378,19c1dna
1379,z6y2zp
1380,102if5x
1381,zn5rc1
1382,13lqtdb
1383,1b9nylm
1384,zk1yzs
1385,17sw38v
1386,1bnxa8q
1387,11elu4a
1388,yer5re
1389,y3oy38
1390,17q002l
1391,15o5mmz
1392,1adp5wh
1393,10d6bwj
1394,1b3qj9k
1395,14psb3q
1396,125db5u
1397,14kllug
1398,10i1y5c
1399,11zh9yl
1400,13l8szy
1401,12ztnzn
1402,1aeqzkq
1403,y7612b
1404,14569hh
1405,108pcjp
1406,15lf99i
1407,17308oj
1408,xjp00l
1409,1044eii
1410,zft7iv
1411,xisx59
1412,zqr7sz
1413,wtlw4e
1414,13icjna
1415,16i5dyy
1416,10jkv2z
1417,10uhv24
1418,13v87lp
1419,xb6vs2
1420,12z9qyn
1421,1c5t1zq
1422,10r0d2u
1423,13dxdsw
1424,14z8py9
1425,1c3rrrp
1426,16w8ngh
1427,wxz4h3
1428,18v0va3
1429,x2o0rf
1430,xkynnk
1431,yea41j
1432,z3udsy
1433,15h2d12
1434,16350g3
1435,11wx8se
1436,x2n0r1
1437,145m50e
1438,yh8j0a
1439,zmoh4o
1440,10l9wkp
1441,zinxsu
1442,xg8qpm
1443,16dl70h
1444,13a4hoi
1445,1b59zrn
1446,17231xz
1447,16sl830
1448,115dwoc
1449,12atra5
1450,18f92ug
1451,ys9phi
1452,zxfsu5
1453,10x82wa
1454,111pk43
1455,15zn6rk
1456,zt8wto
1457,105ozmw
1458,16xky9k
1459,14zjwq6
1460,zfsu8o
1461,zuvvls
1462,z5nd0s
1463,10g2c1b
1464,10hjy4d
1465,17efi2d
1466,xq2e03
1467,y8xuxf
1468,z91aql
1469,16xu4vw
1470,1448lg1
1471,11uznch
1472,13ynbai
1473,yacavu
1474,xl48m4
1475,1ap8v2f
1476,1aj5gaq
1477,1azm1kh
1478,zlrzac
1479,14fzqou
1480,14yw6fr
1481,z7t7tn
1482,1aziqqo
1483,16n28fz
1484,x3ospe
1485,1850yej
1486,zxphl4
1487,xg4t1i
1488,14w2f8e
1489,13e51gx
1490,16jarhh
1491,zqqdhe
1492,16od47w
1493,10536vl
1494,y2s8ng
1495,13phzuz
1496,z7hyjr
1497,119vfwt
1498,11xj0q6
1499,157a0id
1500,x576yp
1501,1as6sgz
1502,y6eg3r
1503,xua1hg
1504,14owg64
1505,15zbyqi
1506,1bfeiot
1507,1bzgkwi
1508,wyhfin
1509,10wxeyo
1510,1axz5je
1511,169it39
1512,zlr5t9
1513,y5ympq
1514,10cqfs6
1515,10p1jkq
1516,16np1mj
1517,17lzkpf
1518,1399ljm
1519,ye1w2o
1520,11wmskn
1521,y7zjjw
1522,1391dv0
1523,16qyz6z
1524,znrzdb
1525,150jhgw
1526,150np3h
1527,1199owy
1528,18awg8f
1529,14i04wu
1530,112lq3j
1531,11x6b0a
1532,z3hr4p
1533,14tbadp
1534,14xq7f2
1535,ys7afh
1536,198dme2
1537,11qeddp
1538,14l3dz3
1539,133t2ig
1540,1bhu5pa
1541,yf39xl
1542,13mk53f
1543,14x0jqs
1544,zuvxff
1545,xxznig
1546,uza2c1
1547,vy7589
1548,y95g06
1549,1c33q44
1550,x0ifwy
1551,xbjrjv
1552,18g04su
1553,1agpyqd
1554,1afagl0
1555,1b3qmy9
1556,112lrng
1557,wbwdb5
1558,182e83q
1559,11nrw2d
1560,zdrfwd
1561,w25vxe
1562,192i90u
1563,vwjlsq
1564,10m6cvr
1565,udgfbk
1566,v6gd11
1567,16qazy0
1568,xtw5iz
1569,10s9og9
1570,13zntup
1571,17du02g
1572,vopoug
1573,u4yqde
1574,w4orlm
1575,17817hx
1576,vv1jlv
1577,18dfonv
1578,12mxgly
1579,woiaeg
1580,119958m
1581,wcb653
1582,wy2l8g
1583,xx87az
1584,xqwyvw
1585,12ncqza
1586,wygh3d
1587,w1lj1p
1588,109gsj6
1589,wh2l7g
1590,18sebit
1591,10lcqw2
1592,z1zjed
1593,17l57tz
1594,y7mvw8
1595,xd4z6k
1596,x4ftky
1597,xb5jvl
1598,vyzoxj
1599,1c28osx
1600,13a89qu
1601,zkx92q
1602,uay6be
1603,yijcdw
1604,17zln8f
1605,w5mapo
1606,16uxs5n
1607,xhsa2h
1608,yqjfnz
1609,w0hohh
1610,10tdhsa
1611,vbl341
1612,1aekr2k
1613,wdj38n
1614,tz2hej
1615,16b2cnn
1616,vilry4
1617,vz30ev
1618,12xxc7e
1619,wo1c9x
1620,xb3dkt
1621,wgufup
1622,z8vx86
1623,y6f681
1624,108ssv1
1625,ovb4un
1626,14i09mn
1627,14x3nc3
1628,10g5mud
1629,11t98ms
1630,10kp424
1631,mkvxfz
1632,t5dfsf
1633,ppqw61
1634,yofnly
1635,iousff
1636,l76vjt
1637,egc5tc
1638,rvhtk7
1639,lw6ddu
1640,n9z60l
1641,ud3c2z
1642,su46f4
1643,tw2xmq
1644,nexwxy
1645,sgymgg
1646,tfjez7
1647,t512v4
1648,sysmk8
1649,ta7lzi
1650,miv46b
1651,mjmve2
1652,ppdhc6
1653,pm8lni
1654,txm8iw
1655,fdcqlk
1656,jo9603
1657,oqtywb
1658,sx561m
1659,jd0cls
1660,m47lyg
1661,x9eb4l
1662,yau29l
1663,17jfu8j
1664,15cfl93
1665,y6p9xq
1666,1aibd3y
1667,177u25y
1668,wslat3
1669,1497yt2
1670,c5xyhk
1671,er6iq5
1672,jjoy7
1673,9wvvy1
1674,18km4sr
1675,ym0b5a
1676,158c1d2
1677,11hmlee
1678,158din8
1679,158c5qh
1680,l5qsbg
1681,xdbiqh
1682,1bywyui
1683,zsd4zy
1684,x4b9zd
1685,xbykcr
1686,wopgmt
1687,hxjmfi
1688,zfto7w
1689,fmvdav
1690,abxeha
1691,xjedfz
1692,k035my
1693,x6sqnj
1694,7z42qc
1695,r8k6g3
1696,xijxz4
1697,oxughy
1698,ro1f5s
1699,xbpm01
1700,c3351o
1701,ge1lc6
1702,mj541i
1703,8or0l1
1704,x6kfhp
1705,ith5tb
1706,1085vcm
1707,vayg4z
1708,c9k3qg
1709,fzxnzz
1710,bvg367
1711,plpmet
1712,xdith2
1713,mf0t0v
1714,10zzsws
1715,152wxxc
1716,xg0rsp
1717,s4b74b
1718,1ax3iou
1719,i2wvkk
1720,ep6jz0
1721,aw923q
1722,ssm4l2
1723,dkqo4v
1724,138h5tu
1725,1978o20
1726,gfrvo7
1727,2x6q1e
1728,lkk13b
1729,11bryz4
1730,zmlo1f
1731,zxvek3
1732,18svvcc
1733,yl7w9e
1734,10k2ov0
1735,128dwud
1736,1bzgwt7
1737,zogmqc
1738,1bu16ll
1739,19e2a4b
1740,146svti
1741,zo19zo
1742,18wdsi2
1743,10q6w9j
1744,xewzub
1745,x6o1eu
1746,12jw1jr
1747,1626ubr
1748,17e1w2r
1749,19billc
1750,11wopet
1751,100f41o
1752,19ekgkq
1753,1916ct7
1754,14dzmc9
1755,18t3tph
1756,zyagzy
1757,zffru7
1758,16cqa6s
1759,107oud1
1760,101nl8c
1761,1bb5dns
1762,zk2gfr
1763,11c1xll
1764,1bakgrh
1765,xtuwmu
1766,1c8qc90
1767,11pp724
1768,10rjwq8
1769,6fdl3m
1770,zbnc2j
1771,obzlfx
1772,108afzj
1773,np0z7d
1774,15b443d
1775,nig96c
1776,1ardtob
1777,9uvbkl
1778,x56yny
1779,10tpjc9
1780,12ufblk
1781,tbmbv8
1782,n3z5ik
1783,12ufayu
1784,17qsm7n
1785,ymg4rq
1786,143qhl
1787,10f4qjo
1788,10znhjm
1789,zhcy4u
1790,zip7an
1791,1baw3zt
1792,417v1n
1793,zcidfi
1794,12x3hk6
1795,19cf4jz
1796,wlns34
1797,yrzgwb
1798,yq8i6r
1799,115d4ci
1800,1biorpc
1801,5sf2d8
1802,12h5koq
1803,3j7eyu
1804,6rbfa5
1805,19bk3kw
1806,5vmjfc
1807,1srnqr
1808,107qqew
1809,jl29jn
1810,60jy5s
1811,s1zsif
1812,xst3hp
1813,19103tg
1814,ws0dkj
1815,zbmygv
1816,19aa62h
1817,16saq90
1818,10edz0s
1819,1b4n42f
1820,y6yk2f
1821,132qi99
1822,1agn5iy
1823,1an1nr3
1824,zd9nnh
1825,1b37cv9
1826,1bjyow7
1827,10scryb
1828,109lfpr
1829,1beekjg
1830,1ad74it
1831,1audgd3
1832,16xz3hg
1833,1766gqg
1834,192ytce
1835,ss1437
1836,1av2oqr
1837,10448nj
1838,13edgvw
1839,12ezzra
1840,16tk7ys
1841,1ap8zix
1842,16ngix6
1843,12g97mr
1844,14fzrvh
1845,14ln0n5
1846,zp46ki
1847,10lfqq6
1848,13mldo8
1849,105pzaf
1850,zowgkq
1851,118ekll
1852,xjs6u8
1853,103if9s
1854,132cv9h
1855,ztou60
1856,167k0hh
1857,16xgvjt
1858,zoxaa0
1859,17e1umi
1860,10wkbqi
1861,whq2bj
1862,xdqgwh
1863,ygxulb
1864,100b9d8
1865,12nimqd
1866,zg4qam
1867,1c423g0
1868,zk8kv1
1869,13eh8mo
1870,zqz5kk
1871,18rgnvy
1872,wtv3nk
1873,wy3znw
1874,ztlfw5
1875,136a7pm
1876,1anvjj9
1877,xhkfjx
1878,177f1zp
1879,19046yt
1880,12g675n
1881,ynp0aj
1882,13mcdgj
1883,1be12d3
1884,12en1n0
1885,18hrynk
1886,gdk442
1887,18m94ym
1888,174qw3z
1889,i3ihfe
1890,1110s4o
1891,1c6mon0
1892,199d7im
1893,193ss3w
1894,wl3x93
1895,zndvvz
1896,10qer4x
1897,13trnra
1898,11bpx9a
1899,vz369l
1900,yn136a
1901,10j8n2c
1902,18aylzm
1903,1908mf2
1904,13qimm4
1905,13rw0kn
1906,11n78yz
1907,177tn2y
1908,15suq0l
1909,15e4md2
1910,10crwuk
1911,15t3mgc
1912,178lq2m
1913,102u6ga
1914,s7c7d7
1915,17t1fwj
1916,17ikyzp
1917,10h3wro
1918,121bn95
1919,1046nq2
1920,xmcgxq
1921,15xknfv
1922,yxs7pr
1923,13iv8gs
1924,11h5ccn
1925,12xm5ra
1926,10cr1c1
1927,13tw6vr
1928,vbv2ai
1929,14usbwt
1930,ceh5mm
1931,16jqmls
1932,10clbre
1933,1avlith
1934,10cqe97
1935,zst6ph
1936,10cvupk
1937,108ayct
1938,104jlw2
1939,ymbleo
1940,zu588r
1941,108bcse
1942,13etgrs
1943,15f71t2
1944,107zhud
1945,zd4me4
1946,yhxqf9
1947,10ci464
1948,10ixxnk
1949,19esuhl
1950,10p3cdt
1951,yicju6
1952,y26qbf
1953,10w6i74
1954,1080xan
1955,1057y0t
1956,xsp8w8
1957,x2a064
1958,10cyc9s
1959,10d6h16
1960,1ahf2cl
1961,107ws1v
1962,1084jrz
1963,znmtin
1964,10a0xqk
1965,107y9hz
1966,10d9jjl
1967,10cmsuo
1968,13qpjk9
1969,11h9ula
1970,yhp3cn
1971,10qwxq3
1972,10djd5q
1973,16e51i1
1974,zo0svg
1975,10csesc
1976,107xryg
1977,yhpyi6
1978,10cu6zk
1979,10a1fwd
1980,11inbvc
1981,yhx1ej
1982,1080qk8
1983,y2bdpi
1984,1083ft2
1985,10ep9qb
1986,ztbb57
1987,xi5i8g
1988,108cadk
1989,11fc77v
1990,107wqbz
1991,10d2hqs
1992,13i1wu0
1993,1asesgu
1994,10iyy2a
1995,zndto6
1996,15balbj
1997,y7xwad
1998,zmm43x
1999,169njc9
2000,zoifg8
2001,zuuntw
2002,zr6zx4
2003,xffif4
2004,zzakee
2005,zk8ow3
2006,xf4z1u
2007,16zwo02
2008,zkc5gu
2009,zhbdcy
2010,wopyfr
2011,15arcai
2012,11zvqtq
2013,18klkxk
2014,zqyv1u
2015,12fssek
2016,zyrq3s
2017,1bucdsc
2018,4eirkx
2019,12wsl87
2020,xg9q71
2021,12ike08
2022,14cttap
2023,zp21e2
2024,zww18y
2025,wxvcyy
2026,17kk4mp
2027,jetuon
2028,s2varj
2029,pcaw11
2030,vsyrdi
2031,wz0mwk
2032,qh0vdj
2033,wy88jc
2034,x0r6iw
2035,m8st0b
2036,x0m8im
2037,10bvxh8
2038,ttcoa3
2039,vbz3rh
2040,1243x9o
2041,p2dm3k
2042,y5el6d
2043,s0vjkz
2044,wcuj4o
2045,fkrn0c
2046,1c1r3r2
2047,b9gmib
2048,3e0fpi
2049,r55quu
2050,1anfhlp
2051,yskb5h
2052,z1ymi2
2053,m9er9j
2054,5p3n7z
2055,qivd4b
2056,yth84b
2057,cxi8uf
2058,qyejvg
2059,aqzn6r
2060,14gqgzi
2061,1razyk
2062,3ad5ia
2063,fejh5
2064,1s4g1k
2065,1b92cy
2066,ps72vm
2067,xgm0dm
2068,13j8to7
2069,xcs2nn
2070,v9b7r2
2071,z3wz97
2072,11ri3gy
2073,sgwpld
2074,tzgtxi
2075,wfgqnn
2076,wp5twl
2077,xx9hvi
2078,1bhulqd
2079,18rpnvn
2080,12eebt0
2081,189ehb7
2082,19ai585
2083,nn1us9
2084,lzweaa
2085,1at1i9x
2086,ard3z5
2087,1bk1o2u
2088,zxzng5
2089,kmi14t
2090,u466so
2091,1b9ri74
2092,8phxop
2093,1dvm0z
2094,13um8l2
2095,186lkuy
2096,2rit7o
2097,x3e09s
2098,15mmeet
2099,zdeix8
2100,1b4sdq7
2101,1b0o86z
2102,18yuzf6
2103,4qpq1d
2104,k30ouf
2105,10vx3o2
2106,6aj7ka
2107,1036fnv
2108,xz5uc7
2109,b85gu9
2110,105bhhg
2111,hwty1d
2112,1160dba
2113,uzrcah
2114,132i2q0
2115,m8yu02
2116,1c7nsf0
2117,hq6zki
2118,1c0ryfp
2119,190gq1b
2120,clw2y0
2121,455eox
2122,17s7ud
2123,14148xs
2124,12bzcxq
2125,xoijnu
2126,10v3d0v
2127,qwa7k1
2128,12mg07q
2129,xvdut2
2130,xpalpu
2131,11mruo5
2132,o5sk2p
2133,w3nvti
2134,1ivkra
2135,cwr66h
2136,a4r2p1
2137,qu5s0t
2138,nwjc34
2139,aqzruj
2140,fkscx5
2141,17ksbn
2142,59j4ew
2143,19s39p
2144,8qz4p1
2145,arrhjp
2146,vjzbcm
2147,2bhtbl
2148,3e0511
2149,by5q7
2150,1dpm73
2151,1245w5
2152,17qgan
2153,42xmy7
2154,2n61lb
2155,2o8scm
2156,n23chn
2157,2zlcqc
2158,1v1yov
2159,17l3ot
2160,7db04
2161,v5g2w
2162,1bk1osy
2163,kl4qlq
2164,xjbnbg
2165,13spe1t
2166,6axm2t
2167,1c66xa7
2168,2hg0ye
2169,6o9nk1
2170,2msru5
2171,iyabqg
2172,1ad2sit
2173,14kfkyp
2174,173457a
2175,d87axo
2176,x2z6py
2177,xrufaz
2178,kmm9pb
2179,wz0n1m
2180,x0r873
2181,10zsrjw
2182,x0m8ld
2183,ysgxo7
2184,dv9az2
2185,tz0u7b
2186,z3mvtc
2187,vb148v
2188,pl5oi7
2189,btn41z
2190,utyb4o
2191,o1w4hw
2192,aoakt6
2193,102hxkx
2194,snb1q9
2195,hdsd4x
2196,19c3q93
2197,fbik6h
2198,168rq25
2199,k1g9u1
2200,ojb8kd
2201,icyu3b
2202,sujdez
2203,k05l1g
2204,dcpi78
2205,lf26wd
2206,ojf0rz
2207,5ilq33
2208,gebt3r
2209,n7esxq
2210,51yalx
2211,jycoq1
2212,e32dmp
2213,98m4mm
2214,wp2erv
2215,1036gsu
2216,1c9cgo7
2217,1c985eo
2218,1c8n2fy
2219,1c8w92f
2220,1c7tiu6
2221,1c8pkj1
2222,1c978c4
2223,1c8fq8g
2224,1c78t6k
2225,1c6u5mw
2226,1c69utj
2227,1c6xern
2228,1c7809s
2229,1c79g6y
2230,1c6wuio
2231,1c6qxl9
2232,1c5lz4p
2233,1c5mo8s
2234,1c4oqx0
2235,1c5sn4i
2236,1c5lttf
2237,1c5w79w
2238,1c5l60m
2239,1c48rga
2240,1c4pb5b
2241,1c4cwju
2242,1c3wh8a
2243,1c4da1o
2244,1c3a0ok
2245,1c47837
2246,1c37fp7
2247,1c2v8xa
2248,1c2rhim
2249,1c2kuzx
2250,1c1ir45
2251,1c1f41r
2252,1c1yzzr
2253,1c2l2c9
2254,1c2ku4e
2255,1c18wit
2256,1c112ao
2257,1c0n09o
2258,1c0sqfb
2259,1c0fahx
2260,1bzzctq
2261,1bzsesc
2262,1c118f2
2263,1c0fsqj
2264,1c0sbxx
2265,1bzi7f3
2266,1bzspuy
2267,1c09qj3
2268,1bzt9n4
2269,1bz22m1
2270,1bxir2h
2271,1bx23mz
2272,1bvgbs4
2273,1bwn4m6
2274,1bw5lrh
2275,1bx89kj
2276,1bwonuf
2277,1bwt29h
2278,1buwj7z
2279,1bvg7mt
2280,1buelc3
2281,1bulgi2
2282,1bt2oh4
2283,1btrsas
2284,1burxau
2285,1but5c0
2286,1buy28r
2287,1bto2dk
2288,1bs7zxh
2289,1bt4f0f
2290,1br4vqr
2291,1bs398r
2292,1br4qg8
2293,1bqz9lr
2294,1bqwv4r
2295,1bqq3ki
2296,1briso9
2297,1bqblvk
2298,1bpuvu8
2299,1bou66s
2300,1boleae
2301,1bof5cj
2302,1bprqzf
2303,1bpfz5f
2304,1bpfgbl
2305,1boen9a
2306,1bowq9f
2307,1bndwj9
2308,1bng4qe
2309,1bm20dn
2310,1bmeaqf
2311,1bm632f
2312,1bmaiba
2313,1blo0t0
2314,1blw27p
2315,1bmg9cx
2316,1blz7cv
2317,1blzb5n
2318,1bku15d
2319,1bk87pw
2320,1bkkgl0
2321,1bkhonk
2322,1bk7khs
2323,1bkrnb1
2324,1bjk13d
2325,1bjmp44
2326,1bjapiw
2327,1bkm4ar
2328,1bjufxu
2329,1bjpd54
2330,1bj8ia8
2331,1bizcgq
2332,1bjwynk
2333,1bj1tzz
2334,1bjsvrm
2335,1bjqylf
2336,1bjbg7n
2337,1bifp4c
2338,1bht16v
2339,1bheqis
2340,1bgyxgx
2341,1bh6lrj
2342,1bgdb6z
2343,1bfjv83
2344,1bfum3v
2345,1bfvh7l
2346,1betdy4
2347,1bee3u1
2348,1bcgb9c
2349,1bd34zi
2350,1bbhnt9
2351,1bbf9uc
2352,1bcj6cf
2353,1bb8ic8
2354,1bbgm6t
2355,1bc8dua
2356,1bapofs
2357,1bb2oyd
2358,1baxe0t
2359,1bah2pt
2360,1bad5r5
2361,1bb4y0o
2362,1baxz55
2363,1badchr
2364,19176g3
2365,1b8ng70
2366,1b8iiim
2367,1b7q7kd
2368,1b72vz7
2369,1b6j6kq
2370,1b6v35t
2371,1b5sf9d
2372,1b6b4mx
2373,1b58vxv
2374,1b5kmrg
2375,1b4r689
2376,1b47cko
2377,1b59iyx
2378,1b2kkoc
2379,1b2t0lt
2380,1b3ggq9
2381,1b1nfyv
2382,1b2pjsy
2383,1b2nk6l
2384,1az83zv
2385,1b06aba
2386,1b1i9lu
2387,1b1nvrj
2388,1b0syug
2389,1b11imw
2390,1b1okz8
2391,1b181it
2392,1b17h77
2393,1b11qi1
2394,1b02645
2395,1b0232h
2396,1b0qmyp
2397,1aznwqi
2398,1ay4sjr
2399,1axtnk1
2400,1axqc65
2401,1awhxd4
2402,1ax0xid
2403,1aweaz3
2404,1aw39l0
2405,1avzbhb
2406,1avoi09
2407,1awotf9
2408,1avdr0r
2409,1awb0wl
2410,1auoy3x
2411,1auvuxw
2412,1ave124
2413,1avpvol
2414,1av1yg8
2415,1atye0k
2416,1auy331
2417,1atv3n5
2418,1augq6k
2419,1atugnn
2420,1au406x
2421,1auer10
2422,1at9wx6
2423,1atoeuw
2424,1at7slf
2425,1aspm4s
2426,1asiool
2427,1asyg81
2428,1ass257
2429,1arqroa
2430,1asjfat
2431,1arfmrs
2432,1ar5wpg
2433,1ar9gr7
2434,1aqysrw
2435,1argtem
2436,103nruz
2437,1aq9ttv
2438,1ar2m30
2439,1aqu9it
2440,1aqm923
2441,1apm81s
2442,1apeb1r
2443,1aoy40z
2444,1ao473i
2445,1aocqqb
2446,1ao9zhu
2447,109nwof
2448,1anb4u1
2449,1amz58z
2450,180o0d0
2451,15ck73i
2452,158gilb
2453,152nb36
2454,192hrx4
2455,15xwwen
2456,104qtge
2457,14gd3an
2458,103kdzu
2459,10vzkh2
2460,192xhn3
2461,17a9359
2462,1978x9z
2463,14exhvw
2464,177xwv0
2465,18uwtb4
2466,169mv77
2467,147q7xd
2468,14ntc9r
2469,1al7jq5
2470,17o5a7i
2471,15qo8nk
2472,1ac6jzo
2473,17yn6yf
2474,16hpr6m
2475,126raqi
2476,16js9jl
2477,1031a60
2478,15m8och
2479,15eecs8
2480,16k8huh
2481,172huez
2482,14ca5nt
2483,19etxxq
2484,15p58h1
2485,17sl8nt
2486,13hfmk7
2487,18pslzv
2488,13nusoo
2489,1agobgu
2490,132gmlj
2491,17ii0zl
2492,179eq1x
2493,191zhxx
2494,17dotx9
2495,15x4br1
2496,17rpwbk
2497,17g4frv
2498,135unag
2499,186r6e0
2500,17p4hdy
2501,15vvnim
2502,180d6fo
2503,17fj55j
2504,18nrdtz
2505,1509vq2
2506,18bats3
2507,18jfalj
2508,17d6e85
2509,15lus29
2510,112o1ol
2511,10p98o7
2512,18fqrtr
2513,18yg5re
2514,180nxnj
2515,16zz79w
2516,15yxpfp
2517,15gtoq4
2518,145z56p
2519,106n7hu
2520,17r46tc
2521,17a14lf
2522,1455k9s
2523,17lgdmu
2524,14g36rf
2525,134uyyj
2526,11984fv
2527,1944l5w
2528,14b3huh
2529,10rwuin
2530,1aiwv0k
2531,16dbdlz
2532,1661zdw
2533,15r61j1
2534,1095fx2
2535,14n83ur
2536,18w40n5
2537,17k9rkg
2538,17gl9r2
2539,16h653d
2540,1327yk8
2541,17fokfm
2542,17dytp8
2543,17h5m7d
2544,13qwlwm
2545,10k9d6i
2546,193asf7
2547,178rxbv
2548,15fmx1m
2549,154de49
2550,143a05k
2551,17s4nvh
2552,17jrbk1
2553,154z9qh
2554,15v3mmt
2555,15qdgv5
2556,11htxyy
2557,10fabpb
2558,1abdqcn
2559,19el9u8
2560,183sw0e
2561,187uew5
2562,178d38d
2563,13pt9n5
2564,10y4x2m
2565,1aiwmyy
2566,197nww2
2567,18cg9id
2568,15hpoaq
2569,12yxsml
2570,11xglr8
2571,18yk5pg
2572,16gm67x
2573,15ga7sf
2574,11dhliv
2575,1aczbug
2576,15feyyr
2577,17q6ofr
2578,17n3pah
2579,14cnyen
2580,12ns57s
2581,1218s1w
2582,11ur1xi
2583,194bhsu
2584,18kl7sd
2585,17zj07w
2586,14bmkcx
2587,10qo1hr
2588,10o5d9t
2589,180ukav
2590,16ge8nf
2591,15noqrs
2592,13yva1d
2593,18mdugq
2594,187lbs3
2595,17ufrsw
2596,172l8tj
2597,170apqy
2598,16qjrms
2599,15k6p8x
2600,15ekzcr
2601,14djufo
2602,12qxljv
2603,11nhwaa
2604,11lsqgm
2605,11j4ktw
2606,18n20cn
2607,17854aw
2608,14hsuud
2609,13jzgqm
2610,11b0t70
2611,18mjv5x
2612,17i04nk
2613,1756rhx
2614,16r0dfy
2615,16qtn1n
2616,15czhio
2617,159k9ey
2618,121t49u
2619,11aklrs
2620,1ajx7ua
2621,185xnxo
2622,193fe96
2623,16ce64c
2624,16bx0dp
2625,15jtwo3
2626,1391o36
2627,12mqb1l
2628,10w28gs
2629,18ei0hs
2630,17x1mgz
2631,17n2mpz
2632,16i3rai
2633,15spa8g
2634,15qpfoe
2635,13xebp5
2636,1c9jazq
2637,1c9gnfx
2638,1c9hntk
2639,1c9g9ol
2640,1c9iqpa
2641,1c8eagw
2642,1c7tt9c
2643,1c7mah6
2644,1c69mkt
2645,1c6xsz1
2646,1c6q5xj
2647,1c6vd9d
2648,1c6ek9q
2649,1c69ekx
2650,1c6fzwl
2651,1c5yygg
2652,1c5gzoy
2653,1c5efdl
2654,1c4kdnm
2655,1c495gm
2656,1c4m8h2
2657,1c4b4xy
2658,12rwjxr
2659,10c19he
2660,zufpac
2661,zgqjr8
2662,13wq2xd
2663,10wtd9e
2664,1029v1r
2665,17zwgle
2666,10yf228
2667,1bso3kk
2668,1b5w6vn
2669,17lgajm
2670,14zmzwj
2671,z7tnlw
2672,1az5rtv
2673,16ljgfs
2674,1afmmy7
2675,1aks4fv
2676,zlp2zy
2677,11dfm74
2678,10jrr9k
2679,10lw6ig
2680,1bw9wal
2681,10fbfxu
2682,z70crs
2683,znid3o
2684,10ehk55
2685,16mq63c
2686,15sifk7
2687,18fj1lb
2688,11069hr
2689,15o7grv
2690,130m2vs
2691,1argfnt
2692,17r4jr1
2693,zn0k4a
2694,14waquh
2695,zd6cir
2696,11cyr97
2697,16ym00l
2698,184irf9
2699,1c6yqj4
2700,1c52nct
2701,1c1sy1b
2702,1bzi1o9
2703,1bxifei
2704,1bxbdov
2705,1bw9v0y
2706,1bv1rfn
2707,1bqrucn
2708,1bolmjh
2709,1bnd5pj
2710,1bnam2k
2711,1bnh1f9
2712,1biwntd
2713,1bhppen
2714,1bhn8dk
2715,1bfvocz
2716,1bfev3x
2717,1b8tpse
2718,1b5urd5
2719,1b3dm5m
2720,1b2drov
2721,1b2po9a
2722,1azla7f
2723,1axfdnf
2724,1axlpje
2725,1axfp7h
2726,1ax90yh
2727,1ave68z
2728,1auo24d
2729,1atssm6
2730,1asw2ri
2731,1as3wdb
2732,1aqr6pg
2733,1aqlu45
2734,1aokvh7
2735,1aoe6mi
2736,1angsyq
2737,1als6kl
2738,1al3a12
2739,1akph8j
2740,1ajcrnt
2741,1ahoyqn
2742,1ag0zal
2743,1afb20f
2744,1affun7
2745,1aekic9
2746,1acwogy
2747,19f5ihu
2748,19ecboa
2749,19d43av
2750,19b4j5z
2751,1992sgm
2752,194cer0
2753,193hwr2
2754,191tm3o
2755,191xk6f
2756,vj0j01
2757,u8o27v
2758,p95fgl
2759,vko6rp
2760,zjuyyn
2761,11uc08p
2762,vsq9je
2763,vf4511
2764,r5t9vd
2765,s7tj9t
2766,k09ir8
2767,tpjp3k
2768,swsaib
2769,nkywpw
2770,p9f97j
2771,pw2j3n
2772,u5n13d
2773,mrlyhn
2774,jay6y0
2775,sar2xl
2776,udkzz1
2777,wcz3oe
2778,qes26v
2779,yvvon3
2780,yrccqd
2781,tk3x83
2782,i62tx1
2783,svaysm
2784,ond65z
2785,12k3wjd
2786,pwasvl
2787,uxvpk2
2788,opukcm
2789,t2h5fd
2790,m7uf3i
2791,uy9hqz
2792,r6wawu
2793,sj1nwl
2794,u2721f
2795,nhzopq
2796,vmfsnt
2797,vzw5g9
2798,ua08um
2799,hxr7j8
2800,1c81j4g
2801,1c8hpei
2802,1c8izz7
2803,1c7si89
2804,1c7lh2u
2805,1c6pd6t
2806,1c5vnzp
2807,1c4gxfk
2808,1c5vx9i
2809,1c5i3lm
2810,1c5lw8j
2811,1c5cvrp
2812,1c4kmog
2813,1c41ewg
2814,1c3v98v
2815,1c3pysm
2816,1c3m2e1
2817,1c3kh4y
2818,1c2ku3n
2819,1c1f2gi
2820,1c1d3i2
2821,1c0th50
2822,1c01fb0
2823,1bz18qj
2824,1byk3wv
2825,1bydsc3
2826,1bxl0gz
2827,1bx523k
2828,1bwxafo
2829,1bwtdxr
2830,1bwp42z
2831,1buxemh
2832,1bufdxb
2833,1bu20xh
2834,1bqsd0v
2835,1bko29d
2836,1bonk17
2837,1bnvvb4
2838,1bnkst1
2839,1bn4oun
2840,1bmw3nu
2841,1bmh3pt
2842,1bmtfqa
2843,1bk4asm
2844,1blifzv
2845,1bl6gzx
2846,1blhpr6
2847,1bl4wj5
2848,1bkxt34
2849,1bjs7bw
2850,1bj1y1q
2851,1bi7at4
2852,1bhwq2k
2853,1bhehcw
2854,1bgqng9
2855,1bgnbjl
2856,1bgio59
2857,1bfiw1w
2858,1bf3383
2859,1beuqam
2860,1bdu6sw
2861,1bc27n0
2862,1bbomyp
2863,1bbvlj9
2864,1bbk68y
2865,1bbdrx5
2866,1bbfob0
2867,1badcfi
2868,1b9efwb
2869,1b8wrbj
2870,1b98fm9
2871,1b7myoe
2872,1b774n6
2873,1b6nghe
2874,1b6z234
2875,1b6tbzb
2876,1b251d1
2877,1b258en
2878,1b1ic4v
2879,1b0n3vs
2880,1b0azgi
2881,1b02piv
2882,1azp6e2
2883,1b02237
2884,1az97jl
2885,1ax2mkk
2886,1ay2xwp
2887,1ay11uv
2888,1axsukg
2889,1awb0fu
2890,1ax0xbh
2891,1avuox0
2892,1auvucv
2893,1auzwq3
2894,1augpxe
2895,1aspi7m
2896,1asqpz4
2897,1asikel
2898,1ascw04
2899,1astr8o
2900,1ass1ve
2901,1ar5xe1
2902,1aq5f50
2903,1aq9t5x
2904,1apw44q
2905,1apulx5
2906,1anw08u
2907,1anul0m
2908,1amsnnf
2909,1am7ox6
2910,1am7ybv
2911,1amczts
2912,1am2rl0
2913,1alwd5u
2914,1al9pak
2915,1albvhn
2916,1al2cnt
2917,1ajzy8a
2918,1aj17vb
2919,1ai9lme
2920,1ahewtr
2921,1agmvkh
2922,1agoqvw
2923,1ag83tf
2924,1agbh2q
2925,1aft9i0
2926,1afeux7
2927,1abo5wt
2928,19f623w
2929,19ffm8z
2930,19eymqe
2931,19dnz0k
2932,19didbe
2933,19cq964
2934,19c5dig
2935,19bk3c6
2936,19a0qvi
2937,199brzd
2938,198pgba
2939,1985lar
2940,1980wq0
2941,197o5qe
2942,197r88u
2943,1972vi2
2944,197pnr1
2945,196wq4p
2946,196w8lg
2947,1964hjf
2948,196gnt1
2949,1964ij1
2950,19161w6
2951,195j64j
2952,195gef1
2953,195kk8e
2954,195jiy7
2955,195cgyx
2956,195df9x
2957,195405c
2958,194gjyf
2959,194rlxp
2960,194bonh
2961,19337u8
2962,192j0y0
2963,192u9bw
2964,192lb59
2965,1929v3i
2966,192a05l
2967,19202zp
2968,191qua0
2969,18zyfh1
2970,18z2v0e
2971,18wth1f
2972,18w88bm
2973,18uekzd
2974,18s9rum
2975,18snkh3
2976,18rwj93
2977,18rer0g
2978,18r2eyn
2979,18qpyd1
2980,18qs3du
2981,18qzfpc
2982,18q7axr
2983,18p67hz
2984,18o4nj9
2985,18nwfxc
2986,18nqsx2
2987,18mn3x5
2988,18m5ihs
2989,18mg1vt
2990,18lvevj
2991,18lile6
2992,18lf13p
2993,18jtiwa
2994,18ghaw5
2995,18fgavz
2996,18fhemi
2997,18elb6x
2998,18e9o5y
2999,18ebk26
3000,18dwllb
3001,18cx0va
3002,18cknz5
3003,18brogy
3004,18batpn
3005,18b7h2c
3006,189zhfj
3007,188ohuv
3008,186u563
3009,186xv99
3010,186qouh
3011,186h88c
3012,1862squ
3013,1859dt9
3014,1858jcr
3015,183jz4t
3016,183jpcq
3017,182xml1
3018,182c6bn
3019,181s5m2
3020,181fawh
3021,180ss2z
3022,17za24v
3023,17zbqvm
3024,17yfsfi
3025,17xf1hm
3026,17x5you
3027,17wt9pp
3028,17wxn39
3029,17vgxo8
3030,17tt5v0
3031,17t1ztw
3032,17st785
3033,17scxfb
3034,17s0n06
3035,17ru0ra
3036,17qyn4v
3037,17pi1fo
3038,17osghz
3039,17mus2j
3040,17mfxzp
3041,17m0whk
3042,zvv3pf
3043,101n5dv
3044,105gkn3
3045,103wz6b
3046,zxwjzy
3047,zvr911
3048,zy4t4m
3049,108c8nn
3050,105xlg6
3051,14w33ss
3052,10xsoz6
3053,10b6q49
3054,15qjsag
3055,11mzkaj
3056,11xjanw
3057,1440zww
3058,16dh6l3
3059,149105m
3060,17fitb5
3061,13srxri
3062,171t8af
3063,15u2ma3
3064,14mwo5u
3065,12dabcy
3066,106homl
3067,13uqb9l
3068,13dxqw5
3069,10cthxe
3070,172oc3s
3071,11161b4
3072,113jg9y
3073,15z32m3
3074,10uql3q
3075,10qemyl
3076,zzxja0
3077,105uo4r
3078,104byyi
3079,17493jv
3080,17cg475
3081,10m8eur
3082,15jwpja
3083,12k4cpj
3084,15re7rk
3085,16zwwel
3086,10h3our
3087,167l0y7
3088,10qnskd
3089,13ymvdz
3090,13qpzjg
3091,13bfsf4
3092,15jh63s
3093,14rvlvu
3094,10p3iip
3095,15ggxbe
3096,151pk2h
3097,17il6jw
3098,14cs7la
3099,13fe2p6
3100,13wbebn
3101,106fjwf
3102,15xcmg5
3103,12ffpet
3104,10595vx
3105,10puutp
3106,154cpjq
3107,13hfnxk
3108,10gihse
3109,10cfbtu
3110,106eve1
3111,17dnrao
3112,11b1ekq
3113,1197110
3114,138v4d5
3115,11ke73i
3116,14yepfw
3117,10vzkvb
3118,126raix
3119,11102ca
3120,10gyli1
3121,16ec0lr
3122,175seey
3123,12tlj38
3124,10ks1vo
3125,10y2454
3126,zuedsi
3127,13ws8xu
3128,12hey49
3129,10hodmz
3130,106qxz9
3131,100nv9b
3132,15rcx7u
3133,13k0u2w
3134,170zvn6
3135,15t6ht5
3136,12gjvl6
3137,zw9s91
3138,17avler
3139,12cdeud
3140,10dfot3
3141,102gd9u
3142,16zfm37
3143,15jjguu
3144,1542p9w
3145,145s0bm
3146,10o21sj
3147,142aj3d
3148,11oqu32
3149,10gdcev
3150,zu4ydq
3151,15x6ja3
3152,14b0qa2
3153,11m6fou
3154,zz3z2k
3155,11u0105
3156,15vj2cf
3157,14js59p
3158,14ei8jh
3159,16ug3gp
3160,14abzqu
3161,137dy51
3162,13296zx
3163,15yxpax
3164,16qhxk7
3165,13qfoc4
3166,15414vz
3167,11xsjrx
3168,13id283
3169,10f9q6y
3170,15znme1
3171,zythzh
3172,17fyvxh
3173,10jzho8
3174,106bdvs
3175,17e59si
3176,16ghqn2
3177,14rmg47
3178,11iin3v
3179,11cknhb
3180,16js8xw
3181,11nz2n6
3182,147dalz
3183,132fj77
3184,12ggffj
3185,10hpzl6
3186,16pbd54
3187,15nhr45
3188,11a0qn3
3189,zy9zzr
3190,16ig9ac
3191,178x064
3192,13lvetr
3193,139mkhq
3194,12ip2vu
3195,10zgh63
3196,zse9xf
3197,11s7w27
3198,144ro4v
3199,12npgpx
3200,11vr1sb
3201,16z88um
3202,169ksam
3203,15vtyxf
3204,11ekrgl
3205,10vh46h
3206,16w7zxc
3207,15mqdc8
3208,13rdgg6
3209,12r0fye
3210,16f61v8
3211,w7bd3q
3212,191n8of
3213,16olvdi
3214,1b05jp1
3215,1bbvvid
3216,zrp4e9
3217,wxk600
3218,13dcora
3219,1atalhc
3220,18zmz32
3221,11scp2u
3222,1as3tq0
3223,1bhcwjt
3224,1br37cq
3225,w7gxg4
3226,g3lweh
3227,1an6p41
3228,16jjqiw
3229,1c63d9l
3230,11182xz
3231,10kcrms
3232,142i12v
3233,17qkbdi
3234,142uzjv
3235,10dee6m
3236,15igkkn
3237,156wlpz
3238,11wf9ug
3239,14bz928
3240,ycamua
3241,v6q3ub
3242,175q912
3243,18kmqr6
3244,16cytxw
3245,wlmmhw
3246,18rjqym
3247,hmni30
3248,151n9j4
3249,169t69i
3250,16f8og5
3251,1bm5qhm
3252,18py0i1
3253,16hexpb
3254,16mudcb
3255,18uw2s1
3256,1bffw0w
3257,xw75ap
3258,1avj0tt
3259,1144d2a
3260,1acu3nx
3261,19804t9
3262,10jf1od
3263,13r0jz2
3264,1bi791j
3265,1bjzxon
3266,15ahng4
3267,13vx0fl
3268,1221qa6
3269,y4sa8z
3270,1aoobwy
3271,1aqnb68
3272,18hfq6w
3273,176rejy
3274,117w3qv
3275,wemdny
3276,1aitlf1
3277,1alyqrr
3278,11y5z96
3279,zyfzpl
3280,wpizcp
3281,19dqkfn
3282,11xkif5
3283,1bikp2y
3284,1611iu8
3285,151mokq
3286,4z4qmu
3287,yuq6cb
3288,10ohrqf
3289,12xdfqy
3290,1bmc0pb
3291,177t1xe
3292,16bh764
3293,cf3g5c
3294,1c2jfqb
3295,im4vsh
3296,zoygn7
3297,16ftguc
3298,17sobjk
3299,18kc127
3300,120ls4h
3301,sfgn15
3302,11hz2f0
3303,1aiyvvw
3304,s15g63
3305,1avtdbt
3306,16bl74k
3307,165vsqq
3308,11q8tvm
3309,ylsmuf
3310,1c0z27j
3311,1c2l590
3312,180oh9o
3313,12m8e6p
3314,7xk529
3315,u89kze
3316,1bjg53f
3317,imhfq6
3318,13imftx
3319,10l4pk9
3320,18ffrmz
3321,7yn9fb
3322,18vio24
3323,1839036
3324,yq1dcw
3325,10q1syx
3326,1ak8dsz
3327,182mpe8
3328,1c2vl6l
3329,128evgf
3330,1befhxo
3331,iqovdu
3332,av7bb9
3333,sbhw6b
3334,16gkrmc
3335,5gb9m8
3336,16nndgd
3337,17zem1m
3338,18bqwqo
3339,1axtlow
3340,1b3m3rg
3341,1b7i39u
3342,19bh3j2
3343,17y2rc0
3344,1au2e2n
3345,1aqpi5g
3346,1b7jc8v
3347,1baurfm
3348,1b7coem
3349,18ut7xu
3350,1814wgj
3351,170a9lr
3352,1au6mvy
3353,17pck7t
3354,1bd61ic
3355,15mdlor
3356,19436hw
3357,1alsumr
3358,1887jlv
3359,15ked6o
3360,1ay2j4l
3361,1c2uc7l
3362,1bz6d95
3363,17erwok
3364,17ewde7
3365,17uc81b
3366,1b0zzpk
3367,1byih1k
3368,1bko2ry
3369,1ahk9ku
3370,140l89w
3371,19daw14
3372,183g8g6
3373,1as5y4j
3374,1aum34m
3375,17vbbbk
3376,1bexmqp
3377,12riofc
3378,17gphoi
3379,1bjwc81
3380,1b290v5
3381,188i3wx
3382,y3b7ee
3383,15dr20o
3384,1ay2hk3
3385,1bc5lve
3386,18iv4p1
3387,ysjj7w
3388,1bj5x7l
3389,g54zy2
3390,yrxctk
3391,1b419md
3392,1c47lby
3393,1c27f31
3394,buptt7
3395,12bwyp4
3396,180q0t1
3397,1blchch
3398,13y6i6s
3399,1c1depp
3400,1c6kt6j
3401,1anmigl
3402,1b8u78l
3403,16q2iab
3404,1by5zwp
3405,18gp7qs
3406,agcijs
3407,167ex58
3408,16aewq3
3409,18g330r
3410,symt5e
3411,1bp5p0n
3412,16womqj
3413,17vqrk2
3414,155k826
3415,gt0e34
3416,109gen6
3417,bepbcf
3418,lpxlpg
3419,hm0a09
3420,gg0t90
3421,1c6hn6h
3422,lem2yi
3423,mwq1sz
3424,j5vuhh
3425,1aiudiy
3426,6i1zgl
3427,16wzmuv
3428,19bz4r7
3429,1am98oj
3430,1anlei4
3431,1bzrc92
3432,kr7as5
3433,dn7611
3434,1bvlhyq
3435,185we7o
3436,1430144
3437,ahp932
3438,19cgwpz
3439,9lqqp7
3440,vipi8h
3441,s7txfv
3442,ze8aeb
3443,13lz75b
3444,1c0p551
3445,1bkppdm
3446,12wxxdi
3447,q7h2md
3448,16jh0t9
3449,ijrjum
3450,198cw6z
3451,10r6s5n
3452,10muy0w
3453,nemgyi
3454,oewo24
3455,s37jic
3456,omfrjj
3457,rkq1xt
3458,q7r5in
3459,199q12i
3460,duw5k0
3461,1lkqle
3462,1746ozw
3463,106jo8m
3464,11t325s
3465,16n4wt4
3466,10xo1l3
3467,79pold
3468,d51moa
3469,145d0kr
3470,fcw56b
3471,8vs9uy
3472,mghhgd
3473,11q3fk3
3474,14ketbs
3475,1bghv38
3476,r0s2i4
3477,1bia988
3478,how0xx
3479,1aseaou
3480,ab01e9
3481,6c0gp8
3482,t4m8y2
3483,13x3j1u
3484,1ee4xf
3485,pbwe7f
3486,1aqcbbl
3487,1c1oyhd
3488,1c344bq
3489,1bqa922
3490,1t6zvp
3491,1b5s2cd
3492,399vr5
3493,ggnvfw
3494,1aylrbs
3495,178bhxe
3496,xo1yxb
3497,15rpz5d
3498,y47do0
3499,1bf745w
3500,1206e0r
3501,1ajhpco
3502,1941hg9
3503,13lq828
3504,1bv8wa2
3505,hitlur
3506,16kfowd
3507,14jf6fe
3508,1009oj7
3509,1bxg6y1
3510,1c6gypg
3511,18vifhf
3512,o75ae8
3513,1b4y1gc
3514,13u75ce
3515,xsptty
3516,189chx6
3517,lgswwj
3518,126pc89
3519,1ax38ie
3520,19aalwl
3521,1bn0nvy
3522,1bm070a
3523,1bevqjl
3524,15ry44k
3525,18obouk
3526,guksdg
3527,tvnc0y
3528,14v7j6u
3529,156gtya
3530,1apx5od
3531,1bp0vrx
3532,1906zqu
3533,178bgxx
3534,1c7wu0i
3535,178bkf8
3536,16fhao6
3537,zfcm0u
3538,vuhjty
3539,17v7thy
3540,13av0ki
3541,1bxvxc2
3542,1bqpal6
3543,18m1ksy
3544,1aempoi
3545,18pnhpo
3546,18mk52n
3547,wr0z6j
3548,1assqmh
3549,15vvioe
3550,1azzrvn
3551,18egiw6
3552,1b98rpa
3553,109ap80
3554,15kr0n9
3555,w99kzs
3556,zagx2p
3557,118v1b7
3558,1bml2bd
3559,17nl4bi
3560,197d11o
3561,vmd8w1
3562,17zzse6
3563,1bfownu
3564,1ae9tij
3565,1asices
3566,wvt36s
3567,1b1zfrq
3568,1c1n7k4
3569,18qme7l
3570,1c2jvab
3571,1andqk8
3572,1b64wxd
3573,tylptd
3574,188icnr
3575,166wfk
3576,14371k6
3577,1aumnd8
3578,1bcvopd
3579,184j0qg
3580,15c94k0
3581,137eaaw
3582,urboqm
3583,13kb2fk
3584,12c7ub4
3585,11d1a0j
3586,vbprzh
3587,15le5e4
3588,14jxeee
3589,12ih4im
3590,15mzbin
3591,x48suu
3592,1c3tqbe
3593,1860ss4
3594,1bn0cmc
3595,197x14y
3596,11hlvfy
3597,1b0jyh6
3598,1as3puw
3599,1b1s3lp
3600,zn46en
3601,zsm0ja
3602,661n7e
3603,1bu5bjy
3604,1asgn64
3605,18tjhv5
3606,10clkpc
3607,1286uqd
3608,15xtses
3609,12zisik
3610,10o4jte
3611,13sfu2z
3612,1bvp70m
3613,1sffeq
3614,18dpci7
3615,1b047vs
3616,xhkd2u
3617,16u35j8
3618,153daql
3619,191xnzl
3620,12y9ov5
3621,1b73w0k
3622,1bdnywc
3623,10rrg3s
3624,1atgprk
3625,155a8d7
3626,186h7cu
3627,1bcalgr
3628,141ckj7
3629,1aw0rri
3630,18ei8wl
3631,10csc2e
3632,1bjdjf7
3633,18ss7py
3634,18oehms
3635,15vdll7
3636,1b68o20
3637,15m5cuz
3638,18vyw21
3639,13rlczv
3640,1b5k5rn
3641,1bp714d
3642,11pxf87
3643,13550ps
3644,1c3qf7e
3645,1bm669a
3646,13tceew
3647,1avnfux
3648,172dt9x
3649,xo9br8
3650,15kttaj
3651,1bkys8u
3652,1527ivl
3653,18pk2bc
3654,13hkxyv
3655,1c6soj5
3656,zyzqa2
3657,1atit9p
3658,wyyl4i
3659,15nvl5v
3660,1c6w50g
3661,13yav8q
3662,10yqcpw
3663,180sbp2
3664,1aro96v
3665,10g3n80
3666,1768skt
3667,1av345q
3668,17fgcg3
3669,133lfvj
3670,1avrq1p
3671,17mw15a
3672,139tuhe
3673,1b27g3o
3674,156iiwx
3675,1alglww
3676,15d39rg
3677,14gndw1
3678,1bc8v6r
3679,12h9pn6
3680,1brs52w
3681,1bldiij
3682,169vyfd
3683,1asu9eu
3684,v10w1n
3685,11a1xx7
3686,10cric5
3687,1bx708s
3688,11c48ut
3689,11238bm
3690,13nylq3
3691,1ah5zqd
3692,10ffivq
3693,110sa94
3694,53mdad
3695,znpuna
3696,1af02b8
3697,7jcsff
3698,gj6z2y
3699,12039vo
3700,12jtntt
3701,17t8jfn
3702,11u455a
3703,10xuybd
3704,12v900o
3705,175fctt
3706,175wdbh
3707,14h4jco
3708,179c8ay
3709,1492jmu
3710,1af83an
3711,1c5aapq
3712,13adqer
3713,1bpiuly
3714,18vlb38
3715,190b8u6
3716,123hjap
3717,12v8oly
3718,1avzfpc
3719,14q5334
3720,16qcv6m
3721,1c40rdk
3722,1367ma9
3723,14rweai
3724,16f8ojl
3725,12etmx3
3726,14pxdfa
3727,14sobvg
3728,1awrbjq
3729,1624ta0
3730,1c0qdgh
3731,176vkly
3732,16ooivc
3733,16n5vfe
3734,17sxwfi
3735,zyzq4k
3736,12ryb1x
3737,12zinur
3738,160aknd
3739,17wfbj9
3740,1bbd4q5
3741,1al1soe
3742,16yxr1w
3743,13up0c6
3744,zg3ytp
3745,13kbpzm
3746,197ci39
3747,191t9m2
3748,10bddey
3749,17gosi8
3750,18omq08
3751,15rkfnf
3752,dp1478
3753,fj7n7e
3754,e23ezq
3755,g9urkz
3756,9xy4j0
3757,wiqjxv
3758,19e2l6w
3759,puxr2j
3760,m0nshm
3761,chc220
3762,m7meq3
3763,x3s921
3764,1617i9m
3765,an3kwz
3766,lafy8i
3767,d3clv0
3768,163m8v0
3769,b9kl9x
3770,1b2ddu6
3771,2z1f1s
3772,2xcyrl
3773,11ybjsi
3774,12nbixk
3775,1bksvco
3776,jqg0pf
3777,186y58x
3778,j5inqc
3779,97ggoz
3780,3lydz3
3781,j8lpfi
3782,ofiid0
3783,w1xrfa
3784,1bp43jv
3785,hve1kw
3786,wmizsu
3787,ebf1k8
3788,17q664k
3789,18ooeck
3790,155miyl
3791,1bif6ey
3792,1318ezb
3793,gku7tb
3794,196gmms
3795,1625oos
3796,193y6ig
3797,1bae7d7
3798,k8o3s5
3799,kw8jqp
3800,ppsh12
3801,yvdecm
3802,it6u3g
3803,12k5vfs
3804,wat2fm
3805,1bcym0w
3806,1akbzta
3807,13xbb7o
3808,wmsecx
3809,107kz9d
3810,13dhkf8
3811,138rv9j
3812,zbctp0
3813,zyxmw8
3814,zu1tqm
3815,zmyu99
3816,yac99i
3817,xw8bb5
3818,16jmi9m
3819,10ttjvv
3820,1bxy6je
3821,11oabm6
3822,13f5iqc
3823,1adke8a
3824,173qp9q
3825,13lg29r
3826,10jyn8t
3827,12o38pj
3828,177n9fp
3829,12ziyhp
3830,1ahdtg6
3831,1an6w8u
3832,15naexw
3833,156h9m4
3834,uia4j1
3835,wo7w46
3836,16ztivp
3837,109iyhe
3838,z49owd
3839,1avg13b
3840,xp0lpz
3841,weksy7
3842,151ck1b
3843,zq2bij
3844,12gz5ts
3845,161aaz9
3846,13jp2ny
3847,17nxhuf
3848,1azqxoa
3849,11x34b3
3850,xvbzy0
3851,10p9atp
3852,11zle64
3853,14otgpd
3854,wvymdp
3855,15ran70
3856,zmtvql
3857,xbva8w
3858,zmke2y
3859,11dn5c1
3860,11bbqby
3861,1bchh15
3862,11t6kqn
3863,12z32tx
3864,14jrg93
3865,18z0c88
3866,14p7vux
3867,1azhczt
3868,11yfypy
3869,1bozcwx
3870,180inhy
3871,1214llk
3872,1ac2e7z
3873,1c89q5g
3874,18li410
3875,188g76z
3876,vvafop
3877,1ao6v26
3878,15vrc1u
3879,11stlc9
3880,13041v6
3881,vagfnh
3882,yjhxot
3883,13ejrc4
3884,17v53qz
3885,xen802
3886,11kcp88
3887,1bog9xq
3888,13f81sl
3889,10cvjgt
3890,zil5kn
3891,1b8hkas
3892,18voip6
3893,113sz4w
3894,18ynkt0
3895,1bzwqyg
3896,15av1qj
3897,1933bpk
3898,152ost1
3899,114miy8
3900,11deq4h
3901,yuwk9c
3902,113s3dq
3903,12wm9jy
3904,zlqn3o
3905,11aql1h
3906,161oyh4
3907,11k09ey
3908,18vxdey
3909,131mlhe
3910,18dyxph
3911,18wm9py
3912,14m0zui
3913,x41n87
3914,18x6lth
3915,11u00yi
3916,xhjw6t
3917,1abhal6
3918,13n9eu2
3919,17rj69t
3920,yknrjt
3921,11vzzgu
3922,xcrm4d
3923,xcq819
3924,yz2tbo
3925,1bqsqcl
3926,18xnex4
3927,ygwl5x
3928,101l666
3929,yz8y3l
3930,1by6nnx
3931,190fdyi
3932,yexg3y
3933,114nyoj
3934,1bjxk4m
3935,zu5kwo
3936,1br9wif
3937,15prh1w
3938,18fhweg
3939,zsagy1
3940,1awa91y
3941,17j2n5x
3942,zu1you
3943,107kz7u
3944,129v938
3945,17ep2q6
3946,zzjemw
3947,17flkrm
3948,17xh5uh
3949,11li2p5
3950,145cg14
3951,13qssf9
3952,18hxp7f
3953,z9n56v
3954,1abkvm4
3955,xl7j0p
3956,xcclmf
3957,10de7wm
3958,176j4m8
3959,156if40
3960,zzwqum
3961,1b7xpcg
3962,182viz8
3963,12zix4c
3964,y7538s
3965,110su06
3966,15aapcb
3967,z36mm2
3968,19dr47i
3969,1ad31x4
3970,17qe7v1
3971,zmb2rf
3972,x6kjdh
3973,17m37ua
3974,1b0katn
3975,12xnuzp
3976,1ahz4r0
3977,16n29d7
3978,14tol5n
3979,18vfvpy
3980,18t84dh
3981,yi61p5
3982,1bgayu1
3983,110adpw
3984,17varbk
3985,124okvz
3986,zgfqt5
3987,14fuxy5
3988,13kn9u8
3989,19bmv97
3990,13cujlv
3991,1c7zefe
3992,12mf6ca
3993,18y8spu
3994,15aforb
3995,xjqy5y
3996,16vkery
3997,154p01c
3998,13wr880
3999,yiuhgy
4000,zxa523
4001,1981r9t
4002,xmwcrx
4003,12yfeek
4004,12dttyo
4005,18j2p3k
4006,11ezpcg
4007,18ueofn
4008,z9ikpv
4009,119uv2u
4010,10lmax4
4011,1asatxy
4012,wzj8kk
4013,z08fr6
4014,y02qjf
4015,16bbjnm
4016,17gj23r
4017,1b5z0b0
4018,11jxod5
4019,192fkrn
4020,18ccpbe
4021,1aobgg4
4022,13na3r8
4023,1ar2bt6
4024,18lpbv2
4025,14tzf3h
4026,18t96gy
4027,10amitk
4028,11v1ot9
4029,zu6y5l
4030,1blzdih
4031,11c2bg9
4032,12hxugm
4033,zp314h
4034,12lb7iu
4035,ybuw1h
4036,13vzpfp
4037,1bn08a4
4038,1bktsoc
4039,1bzakf3
4040,18ldo01
4041,11s6485
4042,14eckn5
4043,zx7wp5
4044,171l0ip
4045,13zxo38
4046,vx0orv
4047,18tdmq7
4048,zevc3f
4049,179n3jk
4050,15jsqz4
4051,yacljx
4052,vwloks
4053,1avhgir
4054,174nl2z
4055,wbufyo
4056,ujedh3
4057,waax7p
4058,180sfws
4059,ug8c15
4060,17nr51a
4061,176xxhv
4062,v4sse2
4063,10m3eu3
4064,visqrd
4065,10eedlo
4066,x6ihyb
4067,ugfofs
4068,ux4us6
4069,193oi4l
4070,12cet8q
4071,1abzjnb
4072,12ehbxn
4073,191kvfc
4074,17xam3l
4075,15e1svf
4076,vapfbh
4077,wlq24e
4078,161oxh0
4079,wl8w8n
4080,131mme6
4081,17njerb
4082,w4et5w
4083,w3un3h
4084,176lp8d
4085,w9fs11
4086,172rgfl
4087,vfw088
4088,18949h5
4089,16wsks8
4090,175z5ss
4091,wcauuj
4092,uu3y56
4093,17hhe15
4094,xr9sby
4095,yjn3ae
4096,unhz7k
4097,vbt1x6
4098,u7avel
4099,17ql1h0
4100,vgjyd0
4101,vri594
4102,u9sepi
4103,171673k
4104,vvdgae
4105,17z2ttu
4106,w94n5w
4107,13c76g9
4108,u5egjs
4109,xee8ps
4110,vrjjiv
4111,1991cws
4112,17y0ccl
4113,w4djb7
4114,1ayy332
4115,1azcabt
4116,vpzlwm
4117,uaf7jh
4118,18rivvq
4119,11asays
4120,w9q6d9
4121,191k448
4122,186dfjv
4123,1787fpx
4124,va8dkh
4125,1797pcr
4126,xu1xbt
4127,17rzmi5
4128,w65i0n
4129,198iuds
4130,vg6ae9
4131,1c1apvv
4132,vo82nu
4133,v0trqy
4134,191yxej
4135,uax8ig
4136,123oumm
4137,17pttx5
4138,ulgqm6
4139,18rjhb9
4140,172k6bx
4141,17gubop
4142,186w554
4143,1987o9d
4144,x6sgju
4145,vhrk0s
4146,w4celp
4147,18rawfu
4148,w8olk2
4149,1abzmgy
4150,uiac35
4151,170zpkz
4152,v0dwni
4153,ue1c4n
4154,uayilp
4155,vyudxi
4156,uvhxpc
4157,1ardhne
4158,17f2v5l
4159,1ad1h6y
4160,17irfl9
4161,12dalee
4162,vr4l2m
4163,18gqfjv
4164,106jmg6
4165,1bcn101
4166,uu5nv5
4167,vxoq6w
4168,18yhv0c
4169,zksn9a
4170,18lekmy
4171,xxfhc3
4172,102b5vw
4173,17k18wf
4174,ynsf4z
4175,uv7d62
4176,ulyibh
4177,w680ac
4178,x454u3
4179,uk4dzc
4180,zez2vq
4181,114tr0q
4182,12dq4vl
4183,10ejg6i
4184,udujm1
4185,11bbpwt
4186,vfdvlb
4187,vhckzg
4188,vq6pdq
4189,xqcbvm
4190,1b4run4
4191,17b9mj4
4192,wxh1lf
4193,10w4oh2
4194,nsc8yf
4195,17gqkdc
4196,zaihja
4197,1922vcd
4198,nudy0r
4199,vstri0
4200,mzefbv
4201,1bdjf3q
4202,n4rgf8
4203,18n9qbt
4204,jsjynx
4205,t6wvww
4206,1anxxcw
4207,hkhukh
4208,putnyw
4209,185qv39
4210,180beq6
4211,10ujgx5
4212,ne0ysv
4213,18mato1
4214,envrna
4215,zavedv
4216,tjh3c0
4217,n282wv
4218,1bhqs6n
4219,13p9035
4220,11gtpy1
4221,143c425
4222,t92iqw
4223,16ums4w
4224,lln61q
4225,i86hab
4226,uf3k9c
4227,l8obku
4228,qpbubb
4229,o2lvcw
4230,n0hqoe
4231,1b1vx3x
4232,ltu4cb
4233,n0v2hq
4234,f0y2cc
4235,n07b6h
4236,nfuc7m
4237,n0sm3m
4238,n0swfn
4239,18bn308
4240,jap9ne
4241,jx6x82
4242,1c6k4dl
4243,jpjxws
4244,nvxtp5
4245,1bdpbxx
4246,o7vq9z
4247,gi4rmo
4248,1bkkgxv
4249,jpf03x
4250,17joiss
4251,1bsriar
4252,n0vqy4
4253,1006uda
4254,e8obcs
4255,w9mwa8
4256,nxxkoo
4257,157xxt6
4258,102ax3z
4259,137g7iz
4260,15um93z
4261,1bdvxup
4262,n0hd1h
4263,i1qhg0
4264,1br3qee
4265,j4um4q
4266,z3e6c2
4267,jppb4y
4268,1bl891p
4269,k5a9lu
4270,nverrs
4271,152u42a
4272,16ipj96
4273,17tj1se
4274,15vl091
4275,idhdwu
4276,180werw
4277,k5op6o
4278,jpy0z6
4279,1akgfs9
4280,eahfsd
4281,earp38
4282,160klk1
4283,muee00
4284,n20d5t
4285,n7nemx
4286,eidgeo
4287,12mr3xn
4288,n0c1rp
4289,15423ds
4290,vaivcp
4291,ntskqs
4292,nxmhzu
4293,e99jmp
4294,qhylvx
4295,erhi2u
4296,14apog9
4297,1abjdcl
4298,ovc0cy
4299,wssx1k
4300,t5yh6p
4301,nbcvz9
4302,mfynlb
4303,ncchcl
4304,q07m2x
4305,y0noah
4306,115f1n9
4307,laqwp6
4308,oiopqv
4309,ndxso7
4310,n0co92
4311,i9ldl2
4312,132j23h
4313,niuq4a
4314,hyygim
4315,l84593
4316,fyyjzw
4317,ojpswj
4318,ncqrmu
4319,n1wbdo
4320,mq0nly
4321,iixm5u
4322,jstdik
4323,n0gv5v
4324,mo729f
4325,iput45
4326,16pgxri
4327,1237xwy
4328,jqkb5j
4329,n0z764
4330,n15r42
4331,n0akms
4332,177aaym
4333,hl6nub
4334,z5xden
4335,f104rb
4336,o3xlqh
4337,sf3r7c
4338,emmnel
4339,h9e84n
4340,n0h911
4341,xdrxhr
4342,l2abi1
4343,126dthf
4344,1amqb4w
4345,1aca7nt
4346,1b2zzbn
4347,122cscf
4348,1bd4qo2
4349,zsnyy8
4350,mplwvb
4351,1c2x1tz
4352,1beksbw
4353,17fbbbk
4354,1bsjfkn
4355,6onxsj
4356,1c55hj6
4357,18xg253
4358,zi06fd
4359,1be2qts
4360,8u3unk
4361,z9po4h
4362,jr8m0t
4363,1bkjrb8
4364,ulbx0x
4365,uoweqq
4366,8cdh4z
4367,ugvrso
4368,rzu5rl
4369,31ci8r
4370,q8a6j8
4371,16ppl8h
4372,jv9bls
4373,19ds2po
4374,3f7zvu
4375,ql8f6z
4376,15y1823
4377,165vilp
4378,4ydajw
4379,2lh5m2
4380,1343lab
4381,17eu4oo
4382,97q5ku
4383,rztrj5
4384,uwxxo6
4385,6qkj6l
4386,s6fqy2
4387,1766rbr
4388,2xt6xi
4389,173ojcv
4390,rsa90t
4391,16cfmyx
4392,wwqau3
4393,vq2v8j
4394,18pzxpp
4395,189fmh7
4396,p3fsh8
4397,1ahcsak
4398,ancg0l
4399,15cvl9z
4400,sjn3sp
4401,x2f9bk
4402,d1qw77
4403,6tq6ev
4404,1aoet0v
4405,2egrqw
4406,qq9gm3
4407,2lfnmu
4408,107jy8q
4409,16pzknr
4410,3dkt2f
4411,rztoyl
4412,l3ixo0
4413,1ofprm
4414,10vmccy
4415,1aedvjh
4416,rjzegy
4417,9gf8sl
4418,17z1cvy
4419,11a6lya
4420,1bp4z6
4421,acapl3
4422,6g2vc0
4423,18g43rv
4424,1c7vvp2
4425,15hejgj
4426,1wepp8
4427,l8951v
4428,1c976o
4429,10b9tn3
4430,dsnraa
4431,epjrxn
4432,5rnsbj
4433,8yaxrk
4434,poaeod
4435,bi5hst
4436,spf9g0
4437,1c6nooz
4438,p0eq0f
4439,1ah6h5p
4440,16dwjk
4441,upuz26
4442,1c8wn0c
4443,2t4i2u
4444,upqtzn
4445,gpxjqw
4446,6jep9w
4447,hqhvjw
4448,ryiy3h
4449,179rkzt
4450,uosucg
4451,14zkbtj
4452,3demny
4453,vgxnic
4454,24ffxi
4455,11ss9yh
4456,14g358e
4457,13kb680
4458,s7svu
4459,7uyz2c
4460,cxgizf
4461,685775
4462,cbtwxl
4463,5gqhte
4464,sd7rx
4465,dj7v38
4466,s4pkbi
4467,5h45y8
4468,ciu8ah
4469,q69ri4
4470,5aqcgi
4471,17i0r1
4472,2l9coz
4473,6gc7qr
4474,wxmub2
4475,p8ozlv
4476,7qbjby
4477,6jj3up
4478,dss5bg
4479,r3mcd5
4480,2aojwv
4481,1gw5q5
4482,1fvk1l
4483,jsqfye
4484,cgdcap
4485,vmuwbk
4486,adi618
4487,1n3odb
4488,5mqes7
4489,1bsmhyy
4490,a8047k
4491,11n5erq
4492,lg7yxv
4493,pwlw2c
4494,u0ofbj
4495,d9ulzt
4496,2jmez9
4497,45j9dz
4498,atbnhq
4499,2ypdvb
4500,i2872k
4501,14r8mly
4502,5mx1zd
4503,8dtfau
4504,klwuf9
4505,eyzcyu
4506,1mthow
4507,8wpop8
4508,d2uu26
4509,eb40dv
4510,29udbp
4511,kage50
4512,i5yon3
4513,1yig8y
4514,8j24v9
4515,2v37l0
4516,jxp989
4517,heay0m
4518,7jfgi3
4519,9vomnf
4520,6hvwv0
4521,14gh6wm
4522,82jznm
4523,5j0mhn
4524,d195d9
4525,14nz52
4526,2nasos
4527,bo9y80
4528,77igjv
4529,3ikf30
4530,jlkn8
4531,2rgmee
4532,9ky2fq
4533,qz109
4534,3ditk9
4535,589lw2
4536,7ll881
4537,z8cfr
4538,15zvw98
4539,1bljw50
4540,185swtf
4541,15r41nb
4542,181z0n8
4543,spb0x1
4544,17klrms
4545,1b248qa
4546,w9dl2i
4547,15rxddt
4548,14g0amw
4549,sjfaek
4550,1blu6xs
4551,18aarfj
4552,kbn8yi
4553,1akksp0
4554,lqiumy
4555,zntry6
4556,qg6d4c
4557,1ann6nh
4558,xvkpkp
4559,141i061
4560,v9gexl
4561,u2zix0
4562,pmkosr
4563,1c6talv
4564,pjhovq
4565,10n7z6u
4566,18eh8dk
4567,nuzvla
4568,yar6ql
4569,194ahqf
4570,16l1hii
4571,11lnoae
4572,ubjnyg
4573,1c5sy81
4574,kw254t
4575,12lgrfp
4576,y247rn
4577,pknnl5
4578,p5xtqm
4579,19atxv5
4580,mnor3i
4581,1an6k6u
4582,l06am4
4583,16b8f03
4584,y7h0qx
4585,182xc8o
4586,127n051
4587,1578to0
4588,13xmp09
4589,13zragv
4590,14rjv0d
4591,la3lky
4592,134lo3z
4593,128r022
4594,vwwxxo
4595,kckcaj
4596,17efhnz
4597,k40x1w
4598,m24v8j
4599,mk0nde
4600,1c6ldtf
4601,lfqvn2
4602,qtjifu
4603,ctgw2w
4604,14vum1p
4605,lkcmh9
4606,lvivat
4607,qp17zf
4608,165kstu
4609,jyuac1
4610,jyziv2
4611,mj6kwi
4612,msnsyo
4613,17hc0mk
4614,17syou9
4615,1323qoh
4616,1sjwwl
4617,73mxv0
4618,1r0n7t
4619,1hypil
4620,3psq9t
4621,1eqex7
4622,xdmtdz
4623,10kb679
4624,k8x6wb
4625,w6b6fy
4626,g1y9p7
4627,14lwlv7
4628,176up6l
4629,n605td
4630,pj7fsv
4631,144cr8p
4632,15lhle4
4633,qu9vua
4634,bcnjw5
4635,ui5usa
4636,mq5nt6
4637,7zcs7x
4638,egwp1d
4639,15oasd1
4640,9yshhz
4641,rd51ud
4642,1bh5b5w
4643,10iaxvj
4644,12x0oig
4645,zvpksv
4646,xshtcr
4647,vv52ex
4648,t5rvdk
4649,b8o7km
4650,gormng
4651,gn6uxn
4652,qzrq6a
4653,bht1md
4654,pslb3q
4655,s9vwn5
4656,bug8wd
4657,13f05ea
4658,10o9qwm
4659,p756rp
4660,gf79ci
4661,w6wzca
4662,x1t50h
4663,hi600s
4664,gioxfr
4665,jx1ikg
4666,gq7vgg
4667,p51nzg
4668,1505pkd
4669,7x8pne
4670,17h5kb1
4671,pmezrf
4672,cwxuns
4673,b3xmv4
4674,18oxzcs
4675,qx9fxh
4676,10h10pa
4677,c8ac75
4678,1bcxy5u
4679,ip7p5m
4680,16uycmu
4681,mgzu7y
4682,12z60j4
4683,esh559
4684,eb3k1x
4685,10075rg
4686,10wdkno
4687,6wx4yu
4688,qnl000
4689,kl6zif
4690,i9uxth
4691,ewpb5m
4692,15xdxa8
4693,nuyd4q
4694,j1sm9h
4695,gpyqqf
4696,wbqmil
4697,15paktq
4698,vff7lx
4699,rovxwc
4700,bvxbhy
4701,l2g8fj
4702,kpngbn
4703,fbrxnl
4704,lg8h5m
4705,hvz7hp
4706,l366qw
4707,13xjk6v
4708,k3y9b6
4709,16bcdoh
4710,abl5al
4711,jqn7bb
4712,glos82
4713,ox7ksi
4714,kzffe5
4715,d525d1
4716,ic9lvi
4717,12fl8u5
4718,ued6a6
4719,ej5xe8
4720,ddbnpx
4721,ptup3y
4722,byw92f
4723,cyepec
4724,hk5v9h
4725,8jrqkt
4726,mbrewj
4727,mqkztw
4728,m9z07r
4729,ltmtme
4730,re8nvd
4731,ffu299
4732,gihmik
4733,cnzm8o
4734,zy8ejk
4735,bqeiq1
4736,m5iuli
4737,16t5e8m
4738,t1lpjt
4739,ormo54
4740,kw7ilu
4741,g3j6kj
4742,17ddoic
4743,120ypm2
4744,76iu1e
4745,nar9w8
4746,f6jug4
4747,dslhe5
4748,18wictp
4749,i4mt7w
4750,dfndtr
4751,kvsque
4752,t606ni
4753,zwdvhs
4754,j4zby0
4755,e2fg7t
4756,9g6rr8
4757,ol7j1a
4758,b88bi3
4759,vtxivi
4760,16ml9sd
4761,q901ic
4762,gn8043
4763,15pab4u
4764,hap77p
4765,1v0n4l
4766,6umosn
4767,gwv5u3
4768,g91jnx
4769,q6g7bv
4770,zadyhh
4771,yp9t0v
4772,xt61d5
4773,1asknch
4774,1byc4nl
4775,186snl4
4776,swoaa8
4777,1c8jvak
4778,18i1f4h
4779,1b73ppy
4780,1azpif0
4781,14i4dr3
4782,15arel5
4783,1avwdqe
4784,3s3s5k
4785,111gp48
4786,16juokl
4787,zpjalg
4788,14op0uk
4789,11hzeth
4790,31vgj5
4791,1apbsy8
4792,1b1rh2n
4793,tnxhoy
4794,l5lhoc
4795,xlysxm
4796,14gfnaj
4797,19fbw0z
4798,183jp8m
4799,185wkf1
4800,avgev0
4801,124b4tu
4802,17qlhq0
4803,ddc2uq
4804,1608r5w
4805,10temsi
4806,15xee9e
4807,lffrob
4808,t2a3lm
4809,2fdmwl
4810,lo6nwk
4811,131cva1
4812,9zrqs5
4813,msours
4814,r3bek8
4815,4der21
4816,11s9xjf
4817,uhmmc0
4818,1c3haek
4819,1904y8n
4820,fxgofo
4821,j9eflc
4822,u1053z
4823,101hgou
4824,dsgobj
4825,k5f3bh
4826,184is5a
4827,29m3by
4828,179z1ry
4829,6m7xtl
4830,18hmi26
4831,1e4q5j
4832,hcumxf
4833,9mrv6c
4834,6qkn55
4835,8z3qd0
4836,103lyak
4837,yz0rx4
4838,33xvlb
4839,15v1cc7
4840,sutwxy
4841,12guvuq
4842,8x3a45
4843,1atyd4j
4844,19c6tk9
4845,a6bgvx
4846,5vu2em
4847,e4mbx8
4848,n0jwsj
4849,12csdz6
4850,9vl02d
4851,162smv4
4852,chu93v
4853,88r5ns
4854,fbua0m
4855,27gih0
4856,3yya2r
4857,h945bn
4858,7fxich
4859,g6repr
4860,10665kl
4861,a1prz0
4862,ba3e72
4863,17z3ws2
4864,sm9h5f
4865,13leswa
4866,5w7onp
4867,129obxn
4868,1ixvaw
4869,o88ysh
4870,hjufol
4871,zd72i1
4872,f9mkro
4873,75z5zo
4874,2ei6sy
4875,hkkape
4876,1bef2ym
4877,18tm3i8
4878,ccoeuj
4879,25k2ud
4880,y7cj3g
4881,4h8m6l
4882,8cf6k5
4883,caxd9p
4884,9obgka
4885,dfqob8
4886,ttm6a4
4887,2txr2i
4888,14ntfnv
4889,1ap8onw
4890,x6d6vu
4891,8v8and
4892,w0crep
4893,39m4kj
4894,c6dhxa
4895,4wibfj
4896,69zvri
4897,jryh30
4898,ljzmyv
4899,91f573
4900,dj086n
4901,1c1fyos
4902,9jltja
4903,onlf0o
4904,97c40t
4905,8hr9qt
4906,8318pt
4907,b1i4b0
4908,v51hu7
4909,exexo0
4910,ar621w
4911,8kr6em
4912,pey51f
4913,54chti
4914,kdrvsw
4915,bcmhx1
4916,110gzzu
4917,10riele
4918,782ylz
4919,gc9yr7
4920,lqt3fr
4921,4en1vb
4922,755ips
4923,9fikh9
4924,3cayqx
4925,2282cp
4926,vs3wvp
4927,1al5f85
4928,1c0ooc1
4929,14hoflv
4930,1ai87nv
4931,oyr5fb
4932,96fi4g
4933,1509oi3
4934,1bhmefk
4935,17h4wx9
4936,qdmw1d
4937,r11lt9
4938,11armns
4939,1886c28
4940,c7z4r1
4941,1agx2cg
4942,190s5n1
4943,159mwek
4944,sm7e58
4945,uf4qwa
4946,d4p5k4
4947,kk8qxf
4948,9l1684
4949,fablz8
4950,18d9y1g
4951,183so2x
4952,189tyq
4953,bk7f85
4954,9h6yen
4955,5ieedu
4956,1hbflb
4957,173cwxe
4958,5lfxbz
4959,lmgij0
4960,e5pzo
4961,55sea5
4962,2kbnr7
4963,18s51e
4964,2r0tpz
4965,9f0g1d
4966,dxam3c
4967,6emndm
4968,kqo6qf
4969,57qm7f
4970,5fjpe6
4971,1r2zpy
4972,nypd5
4973,qa076m
4974,3wwnjt
4975,rly3m
4976,18pbtl
4977,h6k3p
4978,ozdbo
4979,4zph5n
4980,7j2p76
4981,6z8car
4982,o93t1q
4983,8jz93p
4984,lyq1px
4985,jkvahu
4986,24n894
4987,b5hp9
4988,xciyq8
4989,mw5fro
4990,1whx2l
4991,mx56h
4992,154o2x
4993,3371in
4994,18e1ke
4995,128kjfq
4996,1463la
4997,bwt1qi
4998,14ayod9
4999,8ci2xl
5000,19gb1l
5001,8n3nsw
5002,8plzdl
5003,lrewjp
5004,v96jt
5005,pzbdyz
5006,17suqn
5007,y00xlo
5008,26yxkn
5009,txwjl
5010,2v3pk8
5011,31lvko
5012,5j8tgu
5013,skuw7
5014,hbo8h
5015,1609xz
5016,oitbn2
5017,m2qxid
5018,56tyb7
5019,273cys
5020,4rrrhj
5021,1srkm5
5022,yirbcu
5023,9l3gyz
5024,1p03dy
5025,14tznsu
5026,ur7m4
5027,i9v2ux
5028,2jr82s
5029,60v3vi
5030,xviwy
5031,xivc2o
5032,19y285
5033,hj9cl
5034,1uz9sj
5035,m6qdx
5036,1aos5sx
5037,qgq21f
5038,94fgd
5039,r4asp
5040,1r4kn2
5041,7hij02
5042,f816z
5043,ycwigo
5044,347iql
5045,ohwig
5046,3je0nk
5047,viqi3l
5048,75xdut
5049,1marcw
5050,uaso7
5051,fg36ft
5052,11lyzz
5053,6q4tbe
5054,49lxuf
5055,5wllsk
5056,6o41t8
5057,bfdcf
5058,10k1q8f
5059,r4a27t
5060,rlbzu1
5061,19w9af
5062,22j1ja
5063,3srcic
5064,hm8fl
5065,nqxvn5
5066,8h1enp
5067,71dszi
5068,luu1oc
5069,wj9mbo
5070,14pn2k9
5071,273ck5
5072,6l62it
5073,v63bc
5074,5r1hy1
5075,y2lsq
5076,jhebrg
5077,qz7xfw
5078,5ucohl
5079,1ztyq6
5080,hngnqk
5081,7p2uaa
5082,1b2yq4o
5083,19d4e9r
5084,1c54klh
5085,10evqz6
5086,1772gvm
5087,10tkm7f
5088,11tqujm
5089,22d4qt
5090,12if17f
5091,1769ovs
5092,106fi6p
5093,jd0qua
5094,1aovo8p
5095,815bgp
5096,16j41vc
5097,oljqjr
5098,vzvt4k
5099,rs00di
5100,w1hhzk
5101,tyub3l
5102,11mbz0y
5103,1bphy6l
5104,49lna9
5105,5laxjd
5106,bzknov
5107,6lobtg
5108,3aejq6
5109,9csf3e
5110,9ocvbr
5111,toz8ca
5112,3pz26e
5113,3pjwuy
5114,1b3j35p
5115,121rtul
5116,67ao1t
5117,17jm2du
5118,4zy1fj
5119,5js861
5120,sv1v7q
5121,7tzoqr
5122,q5fu2
5123,192p3um
5124,13k8jyw
5125,185uqnl
5126,p37qwl
5127,zekrnc
5128,ng5717
5129,1bgmpym
5130,otbbb6
5131,5ffr9l
5132,1b1xq0i
5133,1awy7tx
5134,wmvi47
5135,11mp41k
5136,28yz2d
5137,17vwml0
5138,yn6jv
5139,z6im64
5140,1c13k1w
5141,mdkhn4
5142,1617wkr
5143,1agx21y
5144,78qncp
5145,15l0h2y
5146,gcfr5g
5147,1b1qxt8
5148,4izfnv
5149,13e72qa
5150,s0msia
5151,t91plk
5152,v6g4fi
5153,tdfpw7
5154,pb7uem
5155,n56g1a
5156,n2ejys
5157,m0b702
5158,p32kyd
5159,11ivl68
5160,n36m8
5161,kdgljx
5162,7snew2
5163,iqm2kl
5164,t6hvl
5165,6bk8vy
5166,11voedw
5167,eafeax
5168,6tbs08
5169,7msqsw
5170,p6a1jt
5171,8j9tyq
5172,3h8bg6
5173,mkc6ab
5174,fnvur5
5175,8ni62g
5176,5sb1ba
5177,gqfyws
5178,a8wprb
5179,zxsym6
5180,18zkmwx
5181,71qb2u
5182,ym3b3n
5183,14o2p7n
5184,8ilv8o
5185,27wpax
5186,7b1v2u
5187,5iybqy
5188,2vk006
5189,udpl71
5190,5a8bhu
5191,8vdj6n
5192,ansldm
5193,4z0810
5194,ix59bn
5195,3j7l9t
5196,3np1xj
5197,bbdjt9
5198,4eyyvw
5199,k2l84h
5200,192tsk
5201,3g1ee3
5202,7mbbgq
5203,gfq72m
5204,mxvvv
5205,rhxgqm
5206,6m5ian
5207,aks06c
5208,34aaww
5209,twv2yy
5210,hx5e5j
5211,49fi0y
5212,2ga06w
5213,z1zy5w
5214,yoc2eg
5215,dywo7l
5216,8prc3p
5217,kl182f
5218,dqos0e
5219,4p1cbe
5220,b0thys
5221,2t5pvx
5222,268nhu
5223,1c174i0
5224,1aw5n8l
5225,134oxc8
5226,15fpjk3
5227,x9w0cv
5228,18bzin2
5229,186matg
5230,18gxunk
5231,14x9ned
5232,19fax3u
5233,17cg3u4
5234,19ew6wa
5235,x4113y
5236,1b219qv
5237,10exw8v
5238,13msk5h
5239,1bk308p
5240,12ezs4a
5241,13336x5
5242,zr7msj
5243,1bozokb
5244,125n24u
5245,17y7fe1
5246,13wknvz
5247,18dj67k
5248,x8fplb
5249,17n27z6
5250,1b79klo
5251,1bajzxg
5252,1bf6vvp
5253,mlzbh5
5254,16l9hfe
5255,1c4bweo
5256,1bgogcg
5257,17v9uaa
5258,sbxqw5
5259,106s9b5
5260,1ach8od
5261,1bosocc
5262,1b7o1mi
5263,1atyba0
5264,1b0zwhr
5265,1aswwmy
5266,177bryu
5267,1bk1hci
5268,18j1q55
5269,10ph43p
5270,b5upn2
5271,162vumz
5272,1b1z4kz
5273,ze2jmo
5274,1bqgn4p
5275,1b2wrg3
5276,1at3cfg
5277,zcv6st
5278,1c39mkv
5279,14md36y
5280,pe4q55
5281,15fxjfp
5282,gxu1ez
5283,15xg8x1
5284,19bsp55
5285,1ayh64s
5286,10d9qf2
5287,19468z2
5288,1ai0ib8
5289,17naxdp
5290,173vl95
5291,14n9gk5
5292,18q3but
5293,xfajh5
5294,1au44bp
5295,15qq4yh
5296,13nsqtj
5297,ldmvgs
5298,17aw8za
5299,139whps
5300,19d8xvk
5301,17snies
5302,1351nlj
5303,16dihzn
5304,178g3h3
5305,13xy4zb
5306,132hl12
5307,k15jpk
5308,lazt1q
5309,iroczy
5310,15vuak5
5311,14roa7m
5312,wmlnca
5313,15tdudp
5314,1agtl5f
5315,13l33g7
5316,1ahiy48
5317,10l3e7s
5318,10ds7on
5319,yctlh3
5320,107zwxp
5321,10dbycl
5322,10cvd8o
5323,zf8ydq
5324,vc1e1s
5325,18qtbuj
5326,15drozj
5327,1bu2kcv
5328,up4qd9
5329,18emo12
5330,19fli25
5331,ucg3pi
5332,1bh1zpf
5333,14i2qjo
5334,16oi8pd
5335,1andxti
5336,17ul88c
5337,16z1lis
5338,tvrvlk
5339,vc04yg
5340,10pi6ly
5341,10rosr5
5342,113tmwi
5343,xbosen
5344,12ir6vd
5345,16msebo
5346,196l4g1
5347,zo5wzc
5348,16rcgez
5349,13712a1
5350,1bbnxkw
5351,ycub1l
5352,10d5dk2
5353,11bufzn
5354,m7s3i4
5355,yofi7o
5356,11dpt8w
5357,yoibqu
5358,qkjmnn
5359,yoc87b
5360,1ahxatx
5361,ozmtzh
5362,1aruz5v
5363,xrqh0d
5364,10e53hx
5365,1991gu7
5366,1ao2b7m
5367,1c2tzzw
5368,18c91eo
5369,11mlgvh
5370,1b5uojb
5371,1bodfa2
5372,pt0i18
5373,18hpagy
5374,14rp673
5375,107zk6b
5376,15c6gow
5377,10uwsry
5378,15cumd9
5379,180eut2
5380,xqh7nl
5381,149q109
5382,7r7rjo
5383,10p5uj5
5384,1086gqb
5385,10ch09a
5386,15bvxjn
5387,wka0f8
5388,11xn89m
5389,18bx5y3
5390,10kefng
5391,12igphy
5392,107xxoo
5393,1abiw9m
5394,10cw7lq
5395,12j5924
5396,105xfpi
5397,17rasrb
5398,18yz2w3
5399,14ommh4
5400,z7fidk
5401,t7v34u
5402,kod1yx
5403,11i4x5z
5404,1c7mdk9
5405,u0wi4y
5406,171usxy
5407,1766lk7
5408,1bl05zk
5409,iqfwg4
5410,11elu10
5411,174qj0g
5412,1c8dxii
5413,15joek1
5414,t4uodm
5415,155fdvs
5416,cot81a
5417,1c6p7p2
5418,17zsade
5419,uo7kbo
5420,15qpelq
5421,19cxi8n
5422,12qmdvm
5423,y2glr7
5424,129ug02
5425,18ac7ef
5426,xtl3yp
5427,rpoo5h
5428,1bvcw6c
5429,lrrb7x
5430,14pl51x
5431,28wgf7
5432,15j566j
5433,12fnf9n
5434,zjflap
5435,b2rlit
5436,1prk3a
5437,6yvjbr
5438,ot9xqq
5439,18ma5ot
5440,rrssv4
5441,18ai8t2
5442,1bdxpcj
5443,16j8vwv
5444,1b8zoum
5445,16wuz4p
5446,zfa4y1
5447,1c55f93
5448,178v7sw
5449,18nxjbe
5450,1be3mrd
5451,z2hr86
5452,jr8lyk
5453,50szbf
5454,19d9wf8
5455,jv9mc2
5456,wsiscq
5457,d7yiij
5458,1abiz50
5459,nh0u13
5460,vi5cer
5461,1r8bf8
5462,1bmadtz
5463,97e442
5464,d1qm9u
5465,naptwo
5466,4d06xs
5467,7fkaj8
5468,1sg8hf
5469,7xcxqn
5470,3hf1ym
5471,14n6m5d
5472,blgdtt
5473,tc4o33
5474,17b8p8c
5475,lrodqq
5476,22my26
5477,tknql8
5478,q3pgx0
5479,fxx3r4
5480,8uvqz0
5481,1is0m3
5482,i3frq3
5483,qs3pzj
5484,wt5q0
5485,bm3wi
5486,2ptlwz
5487,wbigm
5488,19pqcx
5489,1ayd91p
5490,1olovv
5491,3yaso6
5492,3gpltf
5493,4dt6v0
5494,16id7x
5495,1yaijm
5496,266rkb
5497,25w93d
5498,utcyq7
5499,13vuxhe
5500,1c56xiv
5501,17b4esg
5502,g8sa69
5503,mlrr76
5504,1aujd8g
5505,1aptmu3
5506,ph5iug
5507,1adqezo
5508,10z8c0w
5509,1avhn6d
5510,172ia6k
5511,qnw47i
5512,9mi88z
5513,34p8mc
5514,u7psx0
5515,1bed32i
5516,i5p7bn
5517,1auaotu
5518,1aftzwx
5519,14przum
5520,8u3m6o
5521,mf0p5u
5522,m6tukg
5523,izgnbe
5524,71m66k
5525,1au5jau
5526,1bi8nxf
5527,14rr2fg
5528,wa8luj
5529,446vr2
5530,7q7w6q
5531,rumac1
5532,kcx69h
5533,477t6q
5534,1ay21br
5535,aooxa6
5536,9kpzil
5537,eiagc6
5538,9vvp5o
5539,16qvk6
5540,9djmil
5541,m4wpyz
5542,kbckth
5543,jrpvc9
5544,79r1c7
5545,cfa1ug
5546,gj1mnf
5547,3s2hwn
5548,8xwlw5
5549,k8hxk2
5550,10y81t1
5551,8mn6ej
5552,16eeyhf
5553,6e0eog
5554,ird8hg
5555,11hea8p
5556,ioad8p
5557,9bxu3n
5558,4lz2km
5559,zfszvq
5560,geeo6j
5561,vcw21x
5562,85lexs
5563,6evjew
5564,ecd3xp
5565,lci0vz
5566,zrri2u
5567,8cyiyp
5568,vndm7p
5569,lxikur
5570,co6htm
5571,sw1qj1
5572,irf363
5573,6advp1
5574,6ixo08
5575,3e48bv
5576,nn8ra6
5577,17crh2b
5578,141rige
5579,3a9upu
5580,n3fkup
5581,kkm6kl
5582,aga69n
5583,1al5p9r
5584,5wwyef
5585,batgd9
5586,bejvvr
5587,1asooaa
5588,10nfcwj
5589,16ldsac
5590,ll7ten
5591,10flb7x
5592,192cizh
5593,e7spf8
5594,m6x3o2
5595,gn1pgx
5596,nsg0x4
5597,l3jkjm
5598,ma9uq5
5599,1bvl5zp
5600,7wn96s
5601,1nstbm
5602,5215pb
5603,32xyl4
5604,3i36dt
5605,lwittv
5606,6wzi54
5607,8s8z6k
5608,7iu3bg
5609,1enyj4
5610,cmo36x
5611,1owa4q
5612,dkxtht
5613,7dtift
5614,odk5ta
5615,12xinef
5616,o5snjd
5617,znhmlt
5618,qpd7nl
5619,dy7fgf
5620,4yposi
5621,12j3l74
5622,10shukc
5623,192kqaq
5624,cmui7w
5625,4qzg9z
5626,6ylan3
5627,528ord
5628,o8jcd1
5629,35mwil
5630,169qu43
5631,n13xda
5632,t9oh41
5633,1bi710
5634,c2h724
5635,1b7x0jc
5636,10fzsl2
5637,13ks7t4
5638,2r2p6g
5639,cprmon
5640,9jsp1p
5641,3o0pnz
5642,1b3pjl7
5643,7ydl6i
5644,17z2j41
5645,oqi8sn
5646,olz6m0
5647,1986a1t
5648,9ndwx1
5649,hquc5g
5650,bi3j63
5651,65s3ob
5652,ysbcz1
5653,f9p6k6
5654,djpioe
5655,jyanfd
5656,dxaw1b
5657,y14646
5658,jeoo77
5659,60a7hf
5660,ftjr3d
5661,1i1tdk
5662,c2ec49
5663,54amp0
5664,x5wf9g
5665,8qu0e4
5666,xw0n5q
5667,12794jy
5668,bcn79j
5669,2b279u
5670,10w0rgc
5671,wd1pn9
5672,33z5de
5673,6v1mpz
5674,jx5vct
5675,eqcffn
5676,79tbo9
5677,dcz0t1
5678,117bvsd
5679,bo31gw
5680,8ykdxm
5681,xjfq82
5682,686w7n
5683,7gc8cd
5684,y311r5
5685,uczaep
5686,6dsfce
5687,7nnm74
5688,2knqni
5689,s3ljwq
5690,8ywlrj
5691,2n3027
5692,ckayr5
5693,q3qhgw
5694,z2soni
5695,cwedak
5696,ajbbcz
5697,18lt3k
5698,57lpao
5699,6vpsp4
5700,c5yilf
5701,3wuhct
5702,bw63ae
5703,16tiz7f
5704,36bvdg
5705,wsz7en
5706,fyhjwu
5707,2i449r
5708,b83eox
5709,15sqprf
5710,nejkra
5711,1vcih6
5712,obg55n
5713,33sjxj
5714,fdek6f
5715,j8egnc
5716,s7luqb
5717,65wijr
5718,rjlbb0
5719,isllkv
5720,10he3rx
5721,a3ejoc
5722,o6w7uv
5723,6g5mtw
5724,iiu1zv
5725,11uz3e9
5726,2o1y2p
5727,4x95i9
5728,taliq
5729,3j8lao
5730,6f1ji1
5731,5tcw1b
5732,8f4q9e
5733,1qrmlz
5734,9a3use
5735,nzsun
5736,gfodfb
5737,45qqii
5738,6cr2os
5739,e4zbdp
5740,14g83lq
5741,116h6dk
5742,1bf0eo1
5743,vhup2d
5744,bc2zdi
5745,91nrxs
5746,1bqc6kp
5747,1ax9r7e
5748,171xbsk
5749,siabwu
5750,7yidkm
5751,8ymv21
5752,1bkq14u
5753,17rsn4q
5754,tyn4gi
5755,124ff3o
5756,1c2p6n1
5757,xvu07h
5758,1154qg4
5759,1c1dxak
5760,16khin7
5761,xfqin2
5762,1bz2xyc
5763,133nt1w
5764,13egpxn
5765,vgthhc
5766,nel37e
5767,6zqqdb
5768,sestxx
5769,10xcf35
5770,xx6bjg
5771,nhpjr4
5772,68lwtw
5773,r3av2k
5774,qkf08s
5775,1ae6s7y
5776,imisyg
5777,eq7cxr
5778,1agaz3k
5779,necuuc
5780,gukoed
5781,9llywf
5782,d8yawy
5783,gulfg9
5784,nwudrn
5785,snulov
5786,gc6pt5
5787,5m5zzz
5788,hhvbvr
5789,6f7oi6
5790,8puhm2
5791,6xou6g
5792,652wt4
5793,15u9lc5
5794,662wvn
5795,7gxyyl
5796,7f66ex
5797,dh8s7l
5798,x3idcn
5799,pg9bs6
5800,v9nzii
5801,t76c6q
5802,9709dp
5803,i22hq1
5804,1bq57rl
5805,6t48yl
5806,83mz9u
5807,14whnhm
5808,3anfig
5809,18ab9lf
5810,dz56k
5811,c0jk6
5812,c0k5s
5813,c0k5j
5814,6kti4p
5815,7367rh
5816,18tso7v
5817,68fmiw
5818,13uwony
5819,6p9bcd
5820,672n45
5821,x2fx7o
5822,32buec
5823,lzve1f
5824,6cgt2h
5825,arkmci
5826,12rsjbh
5827,5nvv8c
5828,hr1y3z
5829,60giin
5830,1bjfj3q
5831,1n23og
5832,877xyu
5833,n3dms0
5834,214991
5835,mm8g67
5836,1519we9
5837,12ltr49
5838,16l4uy9
5839,8bo8b5
5840,movd6s
5841,c36rcj
5842,7tzitl
5843,1azfmse
5844,y34mih
5845,5sfk1d
5846,82f128
5847,1azr6tc
5848,pndwwk
5849,1bse33m
5850,8d7elf
5851,myfooq
5852,5v3eis
5853,nurhb1
5854,6z8v6z
5855,i81yab
5856,gidod6
5857,wt8xpc
5858,14a66hj
5859,1176a76
5860,fo5tzt
5861,14f8jsg
5862,bfbx1u
5863,13h96es
5864,17vu9tf
5865,76sb8j
5866,5u1uor
5867,6ntpx9
5868,vgwmam
5869,l0jl50
5870,dq0pdu
5871,84do15
5872,yv0l66
5873,163mxtb
5874,11pww0f
5875,k22z91
5876,1c3o87z
5877,k53hma
5878,aq7eff
5879,1azoa9x
5880,jmq4sf
5881,627ika
5882,16rq8y
5883,1984v2f
5884,196bta9
5885,1b5if49
5886,6o1y9p
5887,18rfwjx
5888,y6jhee
5889,o9040f
5890,1bmbrw4
5891,dp3jmk
5892,yxlwh5
5893,5746xk
5894,rilrq8
5895,2jepn9
5896,6htgc3
5897,5um5gd
5898,se4akw
5899,ib4uxg
5900,jtg5n6
5901,nfc2pi
5902,1apzxcr
5903,9rsxb5
5904,2d53na
5905,154rrx1
5906,dvs74l
5907,t7j5f6
5908,16xcwp5
5909,174m1jy
5910,8jehfm
5911,247rcv
5912,6tww9v
5913,ca92lr
5914,wuuh78
5915,17wqcst
5916,c5nrjg
5917,4fhzo4
5918,yu5rqa
5919,2r64xz
5920,j72pjh
5921,15vbpa2
5922,hdumuw
5923,3s72v5
5924,fe3jbo
5925,85jodm
5926,h7ftc2
5927,10lv6tw
5928,13elbsi
5929,s8ob78
5930,16pfokf
5931,1wp2o5
5932,6sbub5
5933,8gghcv
5934,2nyl3d
5935,1q6tpa
5936,85eiqv
5937,6zhy0j
5938,17o76sj
5939,952t0g
5940,84f3ig
5941,fgi1lu
5942,2voy7h
5943,1ax72if
5944,fmf9am
5945,7s610v
5946,15rofoy
5947,1nzkaf
5948,1attdc4
5949,2ik2wq
5950,9r95iy
5951,17m5p4a
5952,63emql
5953,14kk5oi
5954,yl6ley
5955,dwlti8
5956,3jcycj
5957,6erydk
5958,devx97
5959,9vw7y4
5960,1by0qbt
5961,60f36t
5962,fgbo1d
5963,8ltrax
5964,7j5jbr
5965,p9zcy1
5966,1qjent
5967,1pf3ry
5968,zac4g5
5969,r1754i
5970,bx3jrr
5971,15gtyi
5972,yypl32
5973,18ezc2q
5974,17aq9ir
5975,1afjsvv
5976,11g0ble
5977,5wv0ib
5978,16zhawz
5979,nosz3f
5980,17gvzlb
5981,mt7n6
5982,id05wp
5983,9cvt44
5984,nv4kd7
5985,1bk5sup
5986,63jqfy
5987,54ej53
5988,162g2t6
5989,avwcvq
5990,65wr9o
5991,psb0e5
5992,28q2qr
5993,v5mphw
5994,kep2o3
5995,56yrr9
5996,13tt6sq
5997,95w6uv
5998,cpwt8h
5999,12qo0ih
6000,gvc2h1
6001,i8gmde
6002,1mz9bn
6003,gzq0ms
6004,15z6d6m
6005,6da71v
6006,ynsbgv
6007,1b91jdc
6008,17kkm8n
6009,bh7py7
6010,l6573l
6011,34tqg6
6012,rm660l
6013,rii1l0
6014,4x921r
6015,q2i0uc
6016,hvbyih
6017,72qqn8
6018,ccpbqp
6019,10l5afm
6020,4s99vn
6021,c71qnc
6022,1ersld
6023,s29wnn
6024,1aep01g
6025,ijzwl7
6026,5sqdlt
6027,15w7bu2
6028,4g6e3v
6029,18kevk1
6030,14252i6
6031,1c9i26j
6032,1c9gf9p
6033,1c8swua
6034,1c9hn5t
6035,1c99evu
6036,1c8qa2p
6037,1c90mah
6038,1c8ojei
6039,1c95zc7
6040,1c8rpg8
6041,1c8mxmp
6042,1c8pklf
6043,1c82zkc
6044,1c8pncy
6045,1c7t61a
6046,1c77ire
6047,1c7l4cg
6048,1c6fy9p
6049,1c76wpv
6050,1c7e5rr
6051,1c63lxw
6052,1c66h20
6053,1c5ltn3
6054,1c52x9b
6055,1c5j4gu
6056,1c4y4hl
6057,1c5a5d2
6058,1c5k43w
6059,1c5utr1
6060,1c5akfu
6061,1c3z9ce
6062,1c4m21w
6063,1c4bgbj
6064,1c42kjs
6065,1c2uh2k
6066,1c2o43z
6067,1c2keck
6068,1c201mn
6069,1c1rqfm
6070,1c2081i
6071,1c27pym
6072,1c0zkz8
6073,1c0sp2h
6074,1c0lhde
6075,1by7mhl
6076,1c0pxxd
6077,1bzfmxf
6078,1byvpp7
6079,1bzvt09
6080,1bzzmg8
6081,1bzewex
6082,1byrxwm
6083,1bz058r
6084,1bzzoy1
6085,1c00ukk
6086,1by8206
6087,1byig0l
6088,1bxvqhr
6089,1bxpa90
6090,1bxeb6s
6091,1bxb8to
6092,1bxn4pn
6093,1bx0x76
6094,1bxl6o4
6095,1bxncqv
6096,1bwbrlg
6097,1bxahaq
6098,1bxaod6
6099,1bwuxmu
6100,1bvdic9
6101,1buv40t
6102,1bvtmej
6103,1bum5j4
6104,1bu62us
6105,1btpz7f
6106,1btzyo2
6107,1btz8dh
6108,1bt8ke5
6109,1bsq6sp
6110,1bsfpyh
6111,1bsv867
6112,1bskxn2
6113,1br32if
6114,1br0k8c
6115,1bs03s6
6116,1bs0p4u
6117,1brflpv
6118,1bqsbtx
6119,1bq487o
6120,1br1gqy
6121,1bpv051
6122,1bqa8of
6123,1bohpyd
6124,1bnxtfk
6125,1bnmgs0
6126,1bmzjfo
6127,1bn5e10
6128,1bmyu0u
6129,1bmy9e4
6130,1bn343q
6131,1blcc9k
6132,1blhq8n
6133,1bkdvo7
6134,1bl7mi1
6135,1bkmnj4
6136,1bkftge
6137,1bkn04e
6138,1bkconc
6139,1bkmwvx
6140,1bkb6cl
6141,1bjq8k9
6142,1bk38lc
6143,1bi9tyf
6144,1bj8opc
6145,1bikf61
6146,1bhw0cc
6147,1bi6gl0
6148,1biaz31
6149,1bgr4pi
6150,1bgetmj
6151,1bg57xg
6152,1beurul
6153,1bfxzgc
6154,1bfv3qd
6155,1bffj05
6156,1bde8in
6157,1bfa0oc
6158,1betkhi
6159,1bf1pfk
6160,1bem4jm
6161,1bd7ka1
6162,1bds5s3
6163,1bd2yjs
6164,1bcxw8c
6165,1bc1w3u
6166,1bb42s5
6167,1barhvz
6168,1balqaq
6169,1b9x1d5
6170,1bav61j
6171,1ba2fxi
6172,1ba0z2o
6173,1b92te7
6174,1b9ch8n
6175,1b7jsot
6176,1b79vf2
6177,1b7m23a
6178,1b6lq3k
6179,1b64xv5
6180,1b5jpmg
6181,1b4uwkp
6182,1b5gxlz
6183,1b5gffn
6184,1b4hxto
6185,1b42jc7
6186,1b48bav
6187,1b4296c
6188,1b4c9su
6189,1b2p0ud
6190,1b3yvmf
6191,1b3yg4n
6192,1b2ihq5
6193,1b29ojr
6194,1b0whqo
6195,1b2a9xd
6196,1azxu0x
6197,1b1p0rt
6198,1b1b4jf
6199,1b14927
6200,1b1v7m4
6201,15ocbl0
6202,1b1tj1a
6203,1b08r4a
6204,1b0cmm7
6205,1b12rfw
6206,1azv10y
6207,1azf1y1
6208,1azqmgd
6209,1b0c61x
6210,1ay8ek0
6211,1ay7b4y
6212,1ay81g6
6213,1axv84b
6214,1axjir7
6215,1ax1jbj
6216,1ax42ei
6217,1awyww5
6218,1axba9b
6219,1axjsla
6220,1avwjw7
6221,1awe2h3
6222,1awd6va
6223,1avt78r
6224,1aw2bjy
6225,1av37s8
6226,1av2yr7
6227,1aun61j
6228,1av7lhh
6229,1au6k8d
6230,1au1yfq
6231,1au4x8a
6232,1atjht7
6233,1aud6ps
6234,1aukg8u
6235,1atieip
6236,1auk469
6237,1au0tuv
6238,1aubfar
6239,1aui9yo
6240,1atvxfz
6241,1at5s7e
6242,1atszng
6243,1at7gdp
6244,1at4xj0
6245,1asy5kk
6246,1asaoje
6247,1ash8g0
6248,1as9nxn
6249,1atbu2w
6250,1asdkws
6251,1ascasf
6252,1asc0nt
6253,1as7wyy
6254,1aspt4x
6255,1as38rw
6256,1as4sdy
6257,1aqhjmq
6258,1apa86o
6259,1aop2al
6260,1ams8ml
6261,15hnies
6262,19cm43w
6263,16wlx7l
6264,15qmt55
6265,18rvymz
6266,189opof
6267,18xewa9
6268,15wf0qs
6269,19asm74
6270,15dl146
6271,18inwm1
6272,16ig4qn
6273,188p4b7
6274,173zt6l
6275,197aqy9
6276,1aju0m1
6277,16ej67f
6278,15krejw
6279,14u3u85
6280,15887o5
6281,17knerq
6282,1acnqbc
6283,15991bu
6284,1af86ch
6285,17ssxpt
6286,18kef41
6287,18x3yk1
6288,185643k
6289,15sjkhu
6290,14spf7b
6291,198zkls
6292,17qmxcc
6293,17fw3la
6294,15u8w8s
6295,15rrel0
6296,16y327z
6297,15viqdt
6298,17l4kgc
6299,1447vnu
6300,15s8bf2
6301,1ae9avn
6302,1672gi4
6303,195v1sg
6304,174i7h4
6305,188o655
6306,199ecms
6307,18hb8dt
6308,17ap2e8
6309,15t2rhr
6310,192lz2d
6311,159bjzv
6312,117xfqd
6313,16wqaxr
6314,1600zl7
6315,1802qxr
6316,15mef2r
6317,15d0t6t
6318,151laq2
6319,141ecvx
6320,18t5mbf
6321,17hhym8
6322,15yk34x
6323,15y91hb
6324,15mmjz3
6325,15ia1ai
6326,19a8g42
6327,17mwvcu
6328,134qik4
6329,12w119k
6330,17brihq
6331,15z4qde
6332,14ejfta
6333,1858n77
6334,162ftx7
6335,15h245x
6336,14xsv8k
6337,14tdnla
6338,18d9i19
6339,17zx8lw
6340,17dmqxw
6341,179jigr
6342,16x65le
6343,15pvgxl
6344,13cbw7r
6345,18y362n
6346,17gbf12
6347,17dxczn
6348,15gc66q
6349,14me39i
6350,1849bl5
6351,17ymkd8
6352,17kq5x6
6353,17ja2xh
6354,16yu8wu
6355,13ll9b3
6356,15rwcf1
6357,15mka5a
6358,15jqjnx
6359,17oasbz
6360,16v3i65
6361,16av6r1
6362,13lvz33
6363,18hcs0a
6364,17tyi8g
6365,175kfor
6366,15oygrh
6367,12f9otc
6368,10r8msr
6369,193jkfs
6370,18keite
6371,17kux6l
6372,11u5nes
6373,19f61y3
6374,18ooiby
6375,17exfki
6376,15dezic
6377,11iq37h
6378,1al1utj
6379,1af77bd
6380,17ctxeq
6381,1792bn2
6382,16ztwfe
6383,162wmkm
6384,15mjmh9
6385,14xozcn
6386,13mcisf
6387,1agkqtf
6388,195si6y
6389,19172mp
6390,15f13rd
6391,14nsyfs
6392,13ovnz1
6393,12z6lzp
6394,17jd5xf
6395,14plssq
6396,118wf6r
6397,1aexlm9
6398,18qcpe5
6399,18g8sdi
6400,17rnus1
6401,1787of2
6402,177w1c8
6403,14dj4ml
6404,11fbiw5
6405,19euzrt
6406,19dn0m8
6407,18f41vn
6408,183p1xj
6409,177xgkv
6410,15gi5q1
6411,13rk7or
6412,1238m4w
6413,1ajoido
6414,199lsk1
6415,18lxpwp
6416,18jmco1
6417,18dp9m0
6418,17z0ugc
6419,17mmvuc
6420,17he8uc
6421,16qcj3s
6422,16ntayv
6423,16l5gew
6424,15fcyr4
6425,18z965m
6426,17d64mp
6427,177x8lu
6428,176fngz
6429,175i8kc
6430,1630su2
6431,15llijh
6432,14h0uwy
6433,14162le
6434,13smfoq
6435,13sguep
6436,13rm13b
6437,1c9hav9
6438,1c98rmp
6439,1c8z22l
6440,1c8om3b
6441,1c8kbwf
6442,1c83gi8
6443,1c84bh5
6444,1c7pa6z
6445,1c7ljyk
6446,1c7dndm
6447,1c73x5m
6448,1c5cqlb
6449,1c5cu30
6450,1c55mfe
6451,1c51n8u
6452,1c4ah9f
6453,1c4c01k
6454,103y4ch
6455,1b4izm7
6456,141f7el
6457,1683evc
6458,1ax6j6i
6459,15k8azo
6460,15x4wjd
6461,137w180
6462,18kluhm
6463,zsso22
6464,17m35hc
6465,1c66xuw
6466,1b2go5g
6467,1bkkmyo
6468,1b703sj
6469,1b6izq7
6470,1b4j4j7
6471,1b2257v
6472,1b1noin
6473,1b0g6q7
6474,1atteik
6475,1arsua7
6476,1aq4xsd
6477,1ap4or3
6478,19f60jj
6479,19dmw90
6480,1c9m356
6481,1c9fe3i
6482,1c7u4av
6483,1c6f0mm
6484,1c27b8r
6485,1c20zcv
6486,1c1u0k5
6487,1c1m21o
6488,1c1m8bn
6489,1c0g6e3
6490,1bxg94a
6491,1bwt5fj
6492,1bu9bjh
6493,1bq8bdq
6494,1bps1rz
6495,1bpk4ei
6496,1bowg7m
6497,1bm51ne
6498,1blvgwi
6499,1bjwdlv
6500,1bju7i2
6501,1bjcwty
6502,1bhhjlx
6503,1bh3xzi
6504,1bg6d7o
6505,1bgssab
6506,1bgfcwy
6507,1bf53xm
6508,1bemoi9
6509,1beq998
6510,1benhzz
6511,1bdf3uz
6512,1bd0eq3
6513,1bdf9xw
6514,1bc3zkf
6515,1bbsxvt
6516,1bao9qv
6517,1ba1eyf
6518,1b9jhss
6519,1b98vs0
6520,1b921e5
6521,1b98hu8
6522,1b7v2u6
6523,1b6wc99
6524,1b6kjy0
6525,1b6tv7x
6526,1b42dit
6527,1b1r0ls
6528,19eg0ew
6529,1b1216a
6530,1b0n8v2
6531,1b0mt0b
6532,1ayquzk
6533,1ay8sbu
6534,1ay2a1c
6535,1ax4swi
6536,1awcfyt
6537,19epj76
6538,1awgmpz
6539,1awe3hj
6540,1aw4jp7
6541,1aw5e4v
6542,1avkgzr
6543,1autfcr
6544,1av26gn
6545,1aum3zh
6546,1auoiam
6547,1aucmp0
6548,1atdzuq
6549,1atahln
6550,1atnf70
6551,1ata624
6552,1asu6md
6553,1aso6fw
6554,1asn576
6555,1asyj66
6556,1at774o
6557,1askd5r
6558,1arbih6
6559,1apjils
6560,1anpy80
6561,1anjle4
6562,1amh9vj
6563,1aj1xob
6564,1aiik0a
6565,1agrpqa
6566,1agh9zf
6567,1aggbvt
6568,1agi16j
6569,1afu460
6570,1afmkkc
6571,1aenln2
6572,1ae9x6q
6573,1adl00m
6574,1addf7b
6575,1abhkyj
6576,19cpvsr
6577,19cbjh6
6578,19b5tu7
6579,19aoj5p
6580,19anlvc
6581,19b0un3
6582,19b1shs
6583,19aa7ks
6584,197rb7h
6585,197s7u6
6586,1971cne
6587,194z81y
6588,195180w
6589,1959awf
6590,1951jsr
6591,194b93t
6592,193g8q1
6593,18rrktk
6594,1932cm1
6595,1921axg
6596,191c4sr
6597,190ve4r
6598,18y5p9b
6599,18w4h4a
6600,18w4h6t
6601,18v1vlw
6602,18t20xy
6603,18rvdda
6604,18s3lh2
6605,18qph67
6606,18nwf6n
6607,18muesx
6608,18iug57
6609,18fcr3n
6610,18dtmp3
6611,18b5g3q
6612,18a5yh1
6613,186n98y
6614,185be5w
6615,1857qk2
6616,180in96
6617,1807py7
6618,17zc1dp
6619,17ynz0n
6620,17yp7oj
6621,17z2puw
6622,17xx0ew
6623,17v6330
6624,17sx0yc
6625,17teg4e
6626,17s3152
6627,17nxkuy
6628,17nxyl7
6629,17mwy5r
6630,17nfg83
6631,17mh0hb
6632,13whsjp
6633,154d6jq
6634,16yd0ea
6635,156bac0
6636,zzbsk9
6637,17gwjyd
6638,16igpsj
6639,13fxxkp
6640,16q2w14
6641,16q0aoa
6642,12ilbh1
6643,14syr36
6644,148mi4g
6645,1380q0h
6646,11aec52
6647,16uilmc
6648,14lybmc
6649,1201qgb
6650,103f6lj
6651,15kcdyf
6652,17jbhgc
6653,150c61m
6654,17emv69
6655,11ecbd2
6656,15clhu6
6657,10ou9ry
6658,14ds69x
6659,13ulszm
